Workbook

Sheet item
A1: CONFIG_NAME | B1: item | C1: 配置名, 如果没有这个字段, 则这个Sheet不会导出
A2: CONFIG_DESCRIPTION | B2: 所有球杆、服装、球桌、道具等物品的统一id | C2: 可选, 配置文件描述.
A3: COLOR_COMMENT | B3: comment | C3: 注释背景颜色
A4: COLOR_COLUMN_INFO | B4: column_info
A5: RELATED_CONFIG | C5: 可选, 关联的表格
A6: TABLE_HEAD_LEN | B6: 4 | C6: 可选, 默认为3, 字段描述的长度.
A7: TABLE_PROPERTY
A8: TABLE_PROPERTY_RELATED
A11: 序号 | B11: 名称语言序号 | C11: 参考中文名 | D11: 描述语言序号 | E11: 参考中文描述 | F11: 物品类型 | G11: 使用类型 | H11: 预览图 | I11: 模型 | J11: 特效调整 | K11: 品质等级 | L11: 功能标签 | M11: 解释字段1 | N11: 背包提示类型 | O11: 解锁等级 | P11: 钻石定价 | Q11: 对局内球杆 | R11: 女生名称 | S11: 参考中文 | T11: 描述语言序号 | U11: 参考描述
A12: id | B12: name | C12: name_ch | D12: des | E12: des_ch | F12: type | G12: type_use | H12: icon | I12: mode | J12: effects_adjust | K12: quality | L12: tag | M12: field | N12: type_tips | O12: level | P12: value | Q12: cue_ingame | R12: name_girl | S12: name_ch | T12: des_girl | U12: name_ch
A13: int32 | B13: int32 | C13: string | D13: int32 | E13: string | F13: int32 | G13: string | H13: string | I13: string | J13: int32 | K13: int32 | L13: int32 | M13: string | N13: int32 | O13: int32 | P13: string | Q13: string | R13: int32 | S13: string | T13: int32 | U13: string
A14: key,lua,pb,json | B14: lua,pb,json | C14: vb | D14: lua,pb,json | E14: vb | F14: lua,pb,json | G14: lua,pb,json | H14: lua,pb,json | I14: lua,pb,json | J14: lua,pb,json | K14: lua,pb,json | L14: lua,pb,json | M14: lua,pb,json | N14: lua,pb,json | O14: lua,pb,json | P14: lua,pb,json | Q14: lua,pb,json | R14: lua,pb,json | S14: vb | T14: lua,pb,json | U14: vb
B15: 0 | C15: 0 | D15: 0 | E15: 0 | F15: 8 | G15: 0 | H15: icon_1 | I15: 0 | J15: 1 | K15: 0 | L15: 0 | M15: 0 | N15: 0 | O15: 0 | P15: 0 | Q15: 0 | R15: 0 | S15: 0 | T15: 0 | U15: 0
A16: 1 | B16: 1000001 | C16: 钻石 | D16: 1000002 | E16: 可用于兑换金币、购买道具等。 | F16: 0 | G16: 0 | H16: ="icon_"&A16 -> icon_1 | K16: 5 | L16: 0 | M16: 0 | N16: 0 | O16: 0 | P16: 1
A17: 2 | B17: 1000003 | C17: 金币 | D17: 1000004 | E17: 通用货币：可用于对局消耗、商城购买等。 | F17: 0 | G17: 0 | H17: ="icon_"&A17 -> icon_2 | K17: 4 | L17: 0 | M17: 0 | N17: 0 | O17: 0 | P17: 0.001
A18: 3 | B18: 1000005 | C18: 体力 | D18: 1000006 | E18: 闯关体力：用于挑战关卡，每30分钟回复1点。 | F18: 0 | G18: 0 | H18: ="icon_"&A18 -> icon_3 | K18: 4 | L18: 0 | M18: 0 | N18: 0 | O18: 0 | P18: 1
A19: 4 | B19: 1000007 | C19: 活跃度 | D19: 1000008 | E19: 完成日常任务累积活跃度，领取每日、每周活跃礼包。 | F19: 0 | G19: 0 | H19: ="icon_"&A19 -> icon_4 | K19: 4 | L19: 0 | M19: 0 | N19: 0 | O19: 0 | P19: 1
A20: 5 | B20: 1000009 | C20: 经验 | D20: 1000010 | E20: 对局、闯关等途径可获得经验。每日可获取经验上限为<color=#fff442>15000</color>。 | F20: 0 | G20: 0 | H20: ="icon_"&A20 -> icon_5 | K20: 5 | L20: 0 | M20: 0 | N20: 0 | O20: 0 | P20: 1
A21: 6 | B21: 1100001 | C21: VIP经验 | D21: 1100002 | E21: 通过活跃活动可获得，用于提升VIP等级。 | F21: 0 | G21: 0 | H21: ="icon_"&A21 -> icon_6 | K21: 5 | L21: 0 | M21: 0 | N21: 0 | O21: 0 | P21: 1
A22: 7 | B22: 1100003 | C22: 活跃点 | D22: 1100004 | E22: 完成新手任务累计活跃点，换取终极大奖。 | F22: 0 | G22: 0 | H22: ="icon_"&A22 -> icon_7 | K22: 4 | L22: 0 | M22: 0 | N22: 0 | O22: 0 | P22: 1
A23: 8 | B23: 1100005 | C23: 活跃值 | D23: 1100006 | E23: 完成俱乐部任务累计活跃值，可用于俱乐部商店兑换物品 | F23: 0 | G23: 0 | H23: ="icon_"&A23 -> icon_8 | K23: 4 | L23: 0 | M23: 0 | N23: 0 | O23: 0
A24: 9 | B24: 1100007 | C24: 极限挑战币 | D24: 1100008 | E24: 完成极限挑战每日任务可获得极限挑战兑换币，可用于兑换商店兑换物品 | F24: 0 | G24: 0 | H24: ="icon_"&A24 -> icon_9 | K24: 4 | L24: 0 | M24: 0 | N24: 0 | O24: 0
A25: 10 | B25: 1100009 | C25: 积分 | D25: 1100010 | E25: 进行扭蛋可获得积分，可用于兑换积分商城内的物品 | F25: 0 | G25: 0 | H25: ="icon_"&A25 -> icon_10 | K25: 4 | L25: 0 | M25: 0 | N25: 0 | O25: 0
A26: 11 | B26: 1200001 | C26: 极限挑战次数 | D26: 1200002 | E26: 极限挑战消耗，随时间恢复 | F26: 0 | G26: 0 | H26: ="icon_"&A26 -> icon_11 | K26: 4 | L26: 0 | M26: 0 | N26: 0 | O26: 0
A27: 12 | B27: 1200003 | C27: 兑换券 | D27: 1200004 | E27: 对局、闯关、活跃等途径可获得球杆币。可用于兑换商店兑换永久球杆和培养材料。 | F27: 0 | G27: 0 | H27: ="icon_"&A27 -> icon_12 | K27: 4 | L27: 0 | M27: 0 | N27: 0 | O27: 0
A28: 13 | B28: 1200005 | C28: 强化币 | D28: 1200006 | E28: 对局、闯关、活跃等途径可获得球杆币。可用于球杆的升星、升阶。 | F28: 0 | G28: 0 | H28: ="icon_"&A28 -> icon_13 | K28: 4 | L28: 0 | M28: 0 | N28: 0 | O28: 0
A29: 14 | B29: 1200007 | C29: 钻石藏宝图 | D29: 1200008 | E29: 参与钻石宝藏寻宝可获得钻石藏宝图，可用于宝藏商店兑换永久球杆。 | F29: 0 | G29: 0 | H29: ="icon_"&A29 -> icon_14 | K29: 6 | L29: 0 | M29: 0 | N29: 0 | O29: 0
A30: 15 | B30: 1200009 | C30: 金币藏宝图 | D30: 1200010 | E30: 参与金币宝藏寻宝可获得金币藏宝图，可用于宝藏商店兑换永久球杆。 | F30: 0 | G30: 0 | H30: ="icon_"&A30 -> icon_15 | K30: 5 | L30: 0 | M30: 0 | N30: 0 | O30: 0
A31: 16 | B31: 1200011 | C31: 航海币 | D31: 1200012 | E31: 完成活动任务可获得航海币，参与航海探险收集永久球杆和其他大奖 | F31: 0 | G31: 0 | H31: ="icon_"&A34 -> icon_19 | K31: 4 | L31: 0 | M31: 0 | N31: 0 | O31: 0
A32: 17 | B32: 1200013 | C32: 通行证对局活跃度 | D32: 1200014 | E32: 通行证对局活跃度 | F32: 0 | G32: 0 | H32: ="icon_"&A32 -> icon_17 | K32: 4 | L32: 0 | M32: 0 | N32: 0 | O32: 0
A33: 18 | B33: 1200015 | C33: 通行证任务活跃度 | D33: 1200016 | E33: 通行证任务活跃度 | F33: 0 | G33: 0 | H33: ="icon_"&A33 -> icon_18 | K33: 4 | L33: 0 | M33: 0 | N33: 0 | O33: 0
A34: 19 | B34: 1200017 | C34: 免费 | D34: 1200018 | E34: 用于神秘商城中购买免费商品 | F34: 0 | G34: 0 | K34: 1 | L34: 0 | M34: 0 | N34: 0 | O34: 0
A35: 20 | B35: 1200019 | C35: 视频券 | D35: 1200020 | E35: 抵消一次视频广告 | F35: 8 | G35: 4 | H35: icon_20 | K35: 6 | L35: 10 | M35: 0 | N35: 0 | O35: 0
A36: 21 | B36: 1200021 | C36: 大喇叭 | D36: 1200022 | E36: 用于世界聊天置顶发言 | F36: 8 | G36: 3,64 | H36: icon_21 | K36: 4 | L36: 0 | M36: 0 | N36: 0 | O36: 0
A37: 22 | B37: 1200023 | C37: 苹果 | D37: 1200024 | E37: 用于欢乐果园兑换奖励 | F37: 0 | G37: 0 | H37: icon_22 | K37: 4 | L37: 0 | M37: 0 | N37: 0 | O37: 0
A38: 23 | B38: 1200025 | C38: 香蕉 | D38: 1200026 | E38: 用于欢乐果园兑换奖励 | F38: 0 | G38: 0 | H38: icon_23 | K38: 4 | L38: 0 | M38: 0 | N38: 0 | O38: 0
A39: 24 | B39: 1200027 | C39: 积分 | D39: 1200028 | E39: 用于积分商城兑换奖励 | F39: 0 | G39: 0 | H39: icon_24 | K39: 4 | L39: 0 | M39: 0 | N39: 0 | O39: 0
A40: 25 | B40: 1200029 | C40: 小喇叭 | D40: 1200030 | E40: 用户地域聊天置顶发言 | F40: 8 | G40: 3,69 | H40: icon_25 | K40: 3 | L40: 0 | M40: 0 | N40: 0 | O40: 0 | P40: 10
A41: 26 | B41: 1200031 | C41: 刮刮券 | D41: 1200032 | E41: 用于刮刮乐活动，刮奖获取永久球杆和其它奖励 | F41: 8 | G41: 3,70 | H41: icon_26 | K41: 3 | L41: 0 | M41: 0 | N41: 0 | O41: 0 | P41: 10
A42: 27 | B42: 1200033 | C42: A杆自选礼包 | D42: 1200034 | E42: 开启自选永久A级球杆 | F42: 25 | G42: 1 | H42: icon_27 | K42: 4 | L42: 12 | M42: 1000001 | N42: 2 | O42: 0
A43: 28 | B43: 1200035 | C43: 足球币 | D43: 1200036 | E43: 绿茵欢乐季活动可获得足球币。可用于该活动的兑换商店兑换好礼 | F43: 0 | G43: 0 | H43: icon_28 | K43: 4 | L43: 0 | M43: 0 | N43: 0 | O43: 0
A44: 29 | B44: 1200037 | C44: 玲珑珠宝 | D44: 1200038 | E44: 玲珑夺宝活动获取。可用于该活动的兑换商店兑换好礼 | F44: 0 | G44: 0 | H44: icon_29 | K44: 4 | L44: 0 | M44: 0 | N44: 0 | O44: 0
A45: 30 | B45: 1200039 | C45: 小铃铛 | D45: 1200040 | E45: 瑞雪迎新季活动可获得小铃铛。可用于该活动的兑换商店兑换好礼 | F45: 0 | G45: 0 | H45: icon_30 | K45: 4 | L45: 0 | M45: 0 | N45: 0 | O45: 0
A46: 31 | B46: 1200041 | C46: 普通骰子 | D46: 1200042 | E46: 用于寻宝之路活动，掷骰子得到点数 | F46: 8 | G46: 0 | H46: icon_31 | I46: 30 | K46: 3 | L46: 0 | M46: 0 | N46: 0 | O46: 0
A47: 32 | B47: 1200043 | C47: 金色骰子 | D47: 1200044 | E47: 用于寻宝之路活动，直接选择点数 | F47: 8 | G47: 3,76 | H47: icon_32 | K47: 4 | L47: 0 | M47: 0 | N47: 0 | O47: 0
A48: 33 | B48: 1200045 | C48: 新春福币 | D48: 1200046 | E48: 新春夺宝活动获取。可用于该活动的兑换商店兑换好礼 | F48: 0 | G48: 0 | H48: icon_33 | K48: 4 | L48: 0 | M48: 0 | N48: 0 | O48: 0
A49: 34 | B49: 1200047 | C49: 灯笼 | D49: 1200048 | E49: 新春贺岁季活动可获得。可用于该活动的兑换商店兑换好礼 | F49: 0 | G49: 0 | H49: icon_34 | K49: 4 | L49: 0 | M49: 0 | N49: 0 | O49: 0
A50: 37 | B50: 1200053 | C50: 情书 | D50: 1200054 | E50: 情缘夺宝活动获取。可用于该活动的兑换商店兑换好礼 | F50: 0 | G50: 0 | H50: icon_37 | K50: 4 | L50: 0 | M50: 0 | N50: 0 | O50: 0
A51: 38 | B51: 1200055 | C51: 纸飞机 | D51: 1200056 | E51: 青涩回忆活动获取。可用于该活动的兑换商店兑换好礼 | F51: 0 | G51: 0 | H51: icon_38 | K51: 4 | L51: 0 | M51: 0 | N51: 0 | O51: 0
A52: 39 | B52: 1200057 | C52: 劳动币 | D52: 1200058 | E52: 劳动闪耀季活动可获得。可用于该活动的兑换商店兑换好礼 | F52: 0 | G52: 0 | H52: icon_39 | K52: 4 | L52: 0 | M52: 0 | N52: 0 | O52: 0
A53: 40 | B53: 1200059 | C53: 礼物积分 | D53: 1200060 | E53: 收到礼物后获得的积分，可用于在兑换商店中兑换商品 | F53: 0 | G53: 0 | H53: icon_40 | K53: 4 | L53: 0 | M53: 0 | N53: 0 | O53: 0
A54: 41 | B54: 1200061 | C54: 机械齿轮 | D54: 1200062 | E54: 寻金探宝活动获取，可用于该活动的兑换商店兑换好礼。 | F54: 0 | G54: 0 | H54: icon_41 | K54: 4 | L54: 0 | M54: 0 | N54: 0 | O54: 0
A55: 42 | B55: 1200063 | C55: 角粽币 | D55: 1200064 | E55: 端午怀恋季活动可获得，可用于该活动的兑换商店兑换好礼。 | F55: 0 | G55: 0 | H55: icon_42 | K55: 4 | L55: 0 | M55: 0 | N55: 0 | O55: 0
A56: 43 | B56: 1200065 | C56: 兑换币 | D56: 1200066 | E56: 抽奖活动获取，可在抽奖活动中兑换好礼 | F56: 0 | G56: 0 | H56: icon_43 | K56: 4 | L56: 0 | M56: 0 | N56: 0 | O56: 0
A57: 44 | B57: 1200067 | C57: 服饰幸运币 | D57: 1200068 | E57: 可以在服饰夺宝系统中抽取极品服饰 | F57: 0 | G57: 0 | H57: icon_44 | K57: 5 | L57: 0 | M57: 0 | N57: 0 | O57: 0
A58: 45 | B58: 1200069 | C58: 武侠兑换币
A59: 46 | B59: 1200071 | C59: 武侠抽奖币
A60: 47 | B60: 1200073 | C60: 球桌夺宝币
A61: 48 | B61: 1200075 | C61: 星座夺宝币
A62: 49 | B62: 1200077 | C62: 球杆幸运币 | D62: 1200078 | E62: 可以在球杆夺宝系统中抽取极品球杆 | F62: 0 | G62: 0 | H62: icon_49 | K62: 5 | L62: 0 | M62: 0 | N62: 0 | O62: 0
A63: 50 | B63: 1200079 | C63: 房卡卷 | D63: 1200080 | E63: 用于补充主题派对入座时间 | F63: 0 | G63: 0 | H63: icon_50 | K63: 4 | L63: 0 | M63: 0 | N63: 0 | O63: 0
A64: 51 | B64: 1200081 | C64: 稀有寻宝币 | D64: 1200082 | E64: 可在钻石寻宝中抽取相关物品。 | F64: 0 | G64: 0 | H64: icon_51 | K64: 5 | L64: 0 | M64: 0 | N64: 0 | O64: 0
A65: 52 | B65: 1200083 | C65: 精品寻宝币 | D65: 1200084 | E65: 可在金币寻宝中抽取相关物品。 | F65: 0 | G65: 0 | H65: icon_52 | K65: 5 | L65: 0 | M65: 0 | N65: 0 | O65: 0
A66: 53 | B66: 1200085 | C66: 球杆神铸币 | D66: 1200086 | E66: 可在神杆打造中抽取相关物品。 | F66: 0 | G66: 0 | H66: icon_53 | K66: 5 | L66: 0 | M66: 0 | N66: 0 | O66: 0
A67: 54 | B67: 1200087 | C67: 紧箍咒 | D67: 1200088 | E67: 寻梦西游活动获取，可用于该活动的兑换商店兑换好礼。 | F67: 0 | G67: 0 | H67: icon_54 | K67: 4 | L67: 0 | M67: 0 | N67: 0 | O67: 0
A68: 55 | B68: 1200089 | C68: 团圆币 | D68: 1200090 | E68: 中秋团圆季活动可获得，可用于该活动的兑换商店兑换好礼。 | F68: 0 | G68: 0 | H68: icon_55 | K68: 4 | L68: 0 | M68: 0 | N68: 0 | O68: 0
A69: 56 | B69: 1200091 | C69: 柿饼币 | D69: 1200092 | E69: 重阳赏秋季活动可获得，可用于该活动的兑换商店兑换好礼。 | F69: 0 | G69: 0 | H69: icon_56 | K69: 4 | L69: 0 | M69: 0 | N69: 0 | O69: 0
A70: 57 | B70: 1200093 | C70: 月光宝盒 | D70: 1200094 | E70: 寻梦奇缘活动获取，可用于该活动的兑换商店兑换好礼。 | F70: 0 | G70: 0 | H70: icon_57 | K70: 4 | L70: 0 | M70: 0 | N70: 0 | O70: 0
A71: 58 | B71: 1200095 | C71: 兑换币 | D71: 1200096 | E71: 限时活跃活动获得，可用于限时活动的兑换商店兑换好礼。 | F71: 0 | G71: 0 | H71: icon_58 | K71: 4 | L71: 0 | M71: 0 | N71: 0 | O71: 0
A72: 59 | B72: 1200097 | C72: 抽奖币 | D72: 1200098 | E72: 限时抽奖活动获取，可用于限时抽奖的兑换商店兑换好礼。 | F72: 0 | G72: 0 | H72: icon_59 | K72: 4 | L72: 0 | M72: 0 | N72: 0 | O72: 0
A73: 60 | B73: 1200097 | C73: 抽奖币 | D73: 1200098 | E73: 限时抽奖活动获取，可用于限时抽奖的兑换商店兑换好礼。 | F73: 0 | G73: 0 | H73: icon_60 | K73: 4 | L73: 0 | M73: 0 | N73: 0 | O73: 0
A74: 61 | B74: 1300003 | C74: 枫叶强化币 | D74: 1300004 | E74: 枫叶球杆专属的强化币，可以对枫叶球杆进行升星、升阶 | F74: 0 | G74: 0 | H74: ="icon_"&A74 -> icon_61 | K74: 4 | L74: 0 | M74: 0 | N74: 0 | O74: 0
A75: 100 | B75: 1300001 | C75: 血流币 | D75: 1300002 | E75: 疯狂血流货币：可用于对局消耗等。 | F75: 0 | G75: 0 | H75: icon_100 | K75: 4 | L75: 0 | M75: 0 | N75: 0 | O75: 0
A76: 10001 | B76: 1100011 | C76: 8球初级厅普通宝箱 | F76: 29 | G76: 0 | H76: icon_10001 | K76: 2 | L76: 18 | M76: ui_bx_1
A77: 10002 | B77: 1100021 | C77: 8球初级厅稀有宝箱 | F77: 29 | G77: 0 | H77: icon_10002 | K77: 3 | L77: 18 | M77: ui_bx_2
A78: 10003 | B78: 1100031 | C78: 8球初级厅史诗宝箱 | F78: 29 | G78: 0 | H78: icon_10003 | K78: 4 | L78: 18 | M78: ui_bx_3
A79: 10004 | B79: 1100041 | C79: 8球初级厅传说宝箱 | F79: 29 | G79: 0 | H79: icon_10004 | K79: 5 | L79: 18 | M79: ui_bx_4
A80: 10005 | B80: 1100051 | C80: 8球中级厅普通宝箱 | F80: 29 | G80: 0 | H80: icon_10001 | K80: 2 | L80: 18 | M80: ui_bx_1
A81: 10006 | B81: 1100061 | C81: 8球中级厅稀有宝箱 | F81: 29 | G81: 0 | H81: icon_10002 | K81: 3 | L81: 18 | M81: ui_bx_2
A82: 10007 | B82: 1100071 | C82: 8球中级厅史诗宝箱 | F82: 29 | G82: 0 | H82: icon_10003 | K82: 4 | L82: 18 | M82: ui_bx_3
A83: 10008 | B83: 1100081 | C83: 8球中级厅传说宝箱 | F83: 29 | G83: 0 | H83: icon_10004 | K83: 5 | L83: 18 | M83: ui_bx_4
A84: 10009 | B84: 1100091 | C84: 8球高级厅普通宝箱 | F84: 29 | G84: 0 | H84: icon_10001 | K84: 2 | L84: 18 | M84: ui_bx_1
A85: 10010 | B85: 1100101 | C85: 8球高级厅稀有宝箱 | F85: 29 | G85: 0 | H85: icon_10002 | K85: 3 | L85: 18 | M85: ui_bx_2
A86: 10011 | B86: 1100111 | C86: 8球高级厅史诗宝箱 | F86: 29 | G86: 0 | H86: icon_10003 | K86: 4 | L86: 18 | M86: ui_bx_3
A87: 10012 | B87: 1100121 | C87: 8球高级厅传说宝箱 | F87: 29 | G87: 0 | H87: icon_10004 | K87: 5 | L87: 18 | M87: ui_bx_4
... A135: 12016 | B135: 1120161 | C135: 血流大师厅传说宝箱 | F135: 29 | G135: 0 | H135: icon_10004 | K135: 5 | L135: 18 | M135: ui_bx_4
A136: 13003 | B136: 1120203 | C136: 球杆神铸礼包 | D136: 1120208 | E136: 财运亨通头像框（1天），额外赠送球杆神铸币1枚。 | F136: 11 | G136: 1 | H136: icon_10007 | K136: 5 | L136: 1 | M136: 13003
A137: 13004 | B137: 1120204 | C137: 球杆幸运礼包 | D137: 1120209 | E137: 财运亨通头像框（1天），额外赠送球杆幸运币1枚。 | F137: 11 | G137: 1 | H137: icon_10008 | K137: 5 | L137: 1 | M137: 13004
A138: 13005 | B138: 1120205 | C138: 服饰幸运礼包 | D138: 1120210 | E138: 财运亨通头像框（1天），额外赠送服装幸运币1枚。 | F138: 11 | G138: 1 | H138: icon_10009 | K138: 5 | L138: 1 | M138: 13005
A139: 100001 | B139: =A139*10+1 -> 1000011 | C139: 原木球杆 | D139: =A139*10+2 -> 1000012 | E139: 原木打造的经典球杆，品质等级为C。 | F139: 1 | G139: 0 | H139: ="icon_"&A139 -> icon_100001 | I139: 100001 | K139: 2 | L139: 0 | M139: 0 | N139: 1 | O139: 0 | P139: 68 | Q139: 100001
A140: 100002 | B140: =A140*10+1 -> 1000021 | C140: 原木球杆 | D140: =A140*10+2 -> 1000022 | E140: 原木打造的经典球杆，品质等级为B。 | F140: 1 | G140: 0 | H140: =H139 -> icon_100001 | I140: 100002 | K140: 3 | L140: 0 | M140: 0 | N140: 1 | O140: 0 | P140: 188 | Q140: 100002
A141: 100003 | B141: =A141*10+1 -> 1000031 | C141: 原木球杆 | D141: =A141*10+2 -> 1000032 | E141: 原木打造的经典球杆，品质等级为A。 | F141: 1 | G141: 0 | H141: =H140 -> icon_100001 | I141: 100003 | K141: 4 | L141: 0 | M141: 0 | N141: 1 | O141: 0 | P141: 588 | Q141: 100002
A142: 100011 | B142: =A142*10+1 -> 1000111 | C142: 地狱火焰 | D142: =A142*10+2 -> 1000112 | E142: 地狱火焰主球球杆，品质等级为A。 | F142: 1 | G142: 0 | H142: icon_100011 | I142: 100011 | K142: 4 | L142: 0 | M142: 0 | N142: 1 | O142: 0 | Q142: 100011
A143: 100012 | B143: =A143*10+1 -> 1000121 | C143: 地狱火焰 | D143: =A143*10+2 -> 1000122 | E143: 地狱火焰主题球杆，品质等级为S。 | F143: 1 | G143: 0 | H143: icon_100011 | I143: 100012 | K143: 5 | L143: 0 | M143: 0 | N143: 1 | O143: 0 | Q143: 100012
A144: 100013 | B144: =A144*10+1 -> 1000131 | C144: 地狱火焰 | D144: =A144*10+2 -> 1000132 | E144: 地狱火焰主题球杆，品质等级为SS。 | F144: 1 | G144: 0 | H144: icon_100011 | I144: 100012 | K144: 6 | L144: 0 | M144: 0 | N144: 1 | O144: 0 | Q144: 100012
A145: 100014 | B145: =A145*10+1 -> 1000141 | C145: 地狱火焰 | D145: =A145*10+2 -> 1000142 | E145: 地狱火焰主球球杆，品质等级为SSS。 | F145: 1 | G145: 0 | H145: icon_100011 | I145: 100014 | K145: 7 | L145: 0 | M145: 0 | N145: 1 | O145: 0 | Q145: 100012
A146: 100021 | B146: =A146*10+1 -> 1000211 | C146: 国色天香 | D146: =A146*10+2 -> 1000212 | E146: 国色天香主题球杆，品质为S。 | F146: 1 | G146: 0 | H146: icon_100021 | I146: 100021 | K146: 5 | L146: 0 | M146: 0 | N146: 1 | O146: 0 | Q146: 100021
A147: 100022 | B147: =A147*10+1 -> 1000221 | C147: 国色天香 | D147: =A147*10+2 -> 1000222 | E147: 国色天香主题球杆，品质为SS。 | F147: 1 | G147: 0 | H147: icon_100021 | I147: 100022 | K147: 6 | L147: 0 | M147: 0 | N147: 1 | O147: 0 | Q147: 100022
A148: 100023 | B148: =A148*10+1 -> 1000231 | C148: 国色天香 | D148: =A148*10+2 -> 1000232 | E148: 国色天香主题球杆，品质为SSS。 | F148: 1 | G148: 0 | H148: icon_100021 | I148: 100023 | K148: 7 | L148: 0 | M148: 0 | N148: 1 | O148: 0 | Q148: 100022
A149: 100031 | B149: =A149*10+1 -> 1000311 | C149: 白银球杆 | D149: =A149*10+2 -> 1000312 | E149: 白银镶边的经典球杆，品质等级为C。 | F149: 1 | G149: 0 | H149: icon_100031 | I149: 100031 | K149: 2 | L149: 0 | M149: 0 | N149: 1 | O149: 0 | Q149: 100031
...

Sheet cue
A1: CONFIG_NAME | B1: cue | C1: 配置名, 如果没有这个字段, 则这个Sheet不会导出
A2: CONFIG_DESCRIPTION | B2: cue | C2: 可选, 配置文件描述.
A3: COLOR_COMMENT | B3: comment | C3: 注释背景颜色
A4: COLOR_COLUMN_INFO | B4: column_info
A5: RELATED_CONFIG | C5: 可选, 关联的表格
A6: TABLE_HEAD_LEN | B6: 4 | C6: 可选, 默认为3, 字段描述的长度.
A7: TABLE_PROPERTY
A8: TABLE_PROPERTY_RELATED
M9: 最终属性=初始属性+星级绝对值加成*(1+系数/100)
A11: 序号 | B11: 参考中文名 | C11: 球杆类型 | D11: 耐久度 | E11: 进球、拖尾特效 | F11: 瞄准线等级 | G11: 品质等级 | H11: 进阶球杆id | I11: 力度 | J11: 加塞 | K11: 瞄准 | L11: 魅力评分 | M11: =I11&"成长系数" -> 力度成长系数 | N11: =J11&"成长系数" -> 加塞成长系数 | O11: =K11&"成长系数" -> 瞄准成长系数 | P11: =L11&"成长系数" -> 魅力评分成长系数 | Q11: 专属升星材料 | R11: 专属进阶材料 | S11: 专属熟练度材料 | T11: 补偿碎片ID | U11: 补偿碎片 | V11: 球杆主属性 | W11: 满即预览按钮配置
A12: id | B12: name_ch | C12: type | D12: durability | E12: effect_id | F12: level_aim | G12: quality | H12: id_advanced | I12: force | J12: spin | K12: aim | L12: charm_value | M12: force_factor | N12: spin_factor | O12: aim_factor | P12: charm_value_factor | Q12: fir_material_rising | R12: fir_material_advanced | S12: fir_proficiency | T12: compensation | U12: count_comp | V12: cue_main | W12: button
A13: int32 | B13: string | C13: int32 | D13: int32 | E13: string | F13: int32 | G13: int32 | H13: int32 | I13: int32 | J13: int32 | K13: int32 | L13: int32 | M13: int32 | N13: int32 | O13: int32 | P13: int32 | Q13: int32 | R13: int32 | S13: int32 | T13: int32 | U13: int32 | V13: int32 | W13: list
A14: key,lua,pb,json | C14: lua,pb,json | D14: lua,pb,json | E14: lua,pb,json | F14: lua,pb,json | G14: lua,pb,json | H14: lua,pb,json | I14: lua,pb,json | J14: lua,pb,json | K14: lua,pb,json | L14: lua,pb,json | M14: lua,pb,json | N14: lua,pb,json | O14: lua,pb,json | P14: lua,pb,json | Q14: lua,pb,json | R14: lua,pb,json | S14: lua,pb,json | T14: lua,pb,json | U14: lua,pb,json | V14: lua,pb,json | W14: lua,pb,json | Y14: 获得品阶 | Z14: 补偿数量
B15: 0 | C15: 0 | D15: 0 | E15: , | F15: 1 | G15: 0 | H15: 0 | I15: 0 | J15: 0 | K15: 0 | L15: 0 | M15: 0 | N15: 0 | O15: 0 | P15: 0 | Q15: 0 | R15: 0 | S15: 0 | T15: 0 | U15: 0 | V15: 0 | W15: [] | Y15: C | Z15: 6
A16: 100001 | B16: 原木球杆 | C16: 1 | E16: , | F16: =IF(G16>3,2,1) -> 1 | G16: 2 | H16: =A17 -> 100002 | I16: 400 | J16: 400 | K16: 42 | L16: 1000 | M16: 0 | N16: 0 | O16: 0 | P16: 0 | Q16: 0 | R16: 510001 | T16: 510001 | U16: 6 | V16: 3 | Y16: B | Z16: 16
A17: 100002 | B17: 原木球杆 | C17: 1 | E17: , | F17: =IF(G17>3,2,1) -> 1 | G17: 3 | H17: =A18 -> 100003 | I17: 440 | J17: 440 | K17: 48 | L17: 3000 | M17: 0 | N17: 0 | O17: 0 | P17: 0 | Q17: 0 | R17: 510001 | T17: 510001 | U17: 16 | V17: 3 | Y17: A | Z17: 20
A18: 100003 | B18: 原木球杆 | C18: 1 | E18: , | F18: =IF(G18>3,2,1) -> 2 | G18: 4 | H18: 0 | I18: 485 | J18: 485 | K18: 55 | L18: 6000 | M18: 0 | N18: 0 | O18: 0 | P18: 0 | Q18: 0 | R18: 510001 | T18: 510001 | U18: 20 | V18: 3 | Y18: S | Z18: 100
A19: 100011 | B19: 地狱火焰 | C19: 1 | E19: , | F19: =IF(G19>3,2,1) -> 2 | G19: 4 | H19: 100012 | I19: 526 | J19: 490 | K19: 41 | L19: 6000 | M19: 100 | N19: 100 | O19: 100 | P19: 0 | Q19: 0 | R19: 510011 | T19: 510011 | U19: 20 | V19: 1 | Y19: SS | Z19: 200
A20: 100012 | B20: 地狱火焰 | C20: 1 | E20: , | F20: =IF(G20>3,2,1) -> 2 | G20: 5 | H20: 100013 | I20: 572 | J20: 540 | K20: 52 | L20: 10500 | M20: 100 | N20: 100 | O20: 100 | P20: 0 | Q20: 0 | R20: 510011 | T20: 510011 | U20: 100 | V20: 1 | Y20: SSS | Z20: 400
A21: 100013 | B21: 地狱火焰 | C21: 1 | F21: =IF(G21>3,2,1) -> 2 | G21: 6 | H21: 100014 | I21: 618 | J21: 590 | K21: 62 | L21: 15000 | M21: 100 | N21: 100 | O21: 100 | P21: 0 | Q21: 0 | R21: 510011 | T21: 510011 | U21: 200 | V21: 1
A22: 100014 | B22: 地狱火焰 | C22: 1 | F22: =IF(G22>3,2,1) -> 2 | G22: 7 | H22: 0 | I22: 666 | J22: 643 | K22: 72 | L22: 21000 | M22: 100 | N22: 100 | O22: 100 | P22: 0 | Q22: 0 | R22: 510011 | T22: 510011 | U22: 400 | V22: 1 | Y22: [2,61]
A23: 100018 | B23: 地狱火焰 | C23: 1 | E23: , | F23: =IF(G23>3,2,1) -> 2 | G23: 4 | H23: 100012 | I23: 526 | J23: 490 | K23: 41 | L23: 6000 | M23: 100 | N23: 100 | O23: 100 | P23: 0 | Q23: 0 | R23: 510011 | T23: 510011 | U23: 20 | V23: 1
A24: 100021 | B24: 国色天香 | C24: 1 | F24: =IF(G24>3,2,1) -> 2 | G24: 5 | H24: 100022 | I24: 541 | J24: 578 | K24: 52 | L24: 10500 | M24: 100 | N24: 100 | O24: 100 | P24: 0 | Q24: 0 | R24: 510021 | T24: 510021 | U24: 100 | V24: 2
A25: 100022 | B25: 国色天香 | C25: 1 | F25: =IF(G25>3,2,1) -> 2 | G25: 6 | H25: 100023 | I25: 590 | J25: 621 | K25: 62 | L25: 15000 | M25: 100 | N25: 100 | O25: 100 | P25: 0 | Q25: 0 | R25: 510021 | T25: 510021 | U25: 200 | V25: 2
A26: 100023 | B26: 国色天香 | C26: 1 | F26: =IF(G26>3,2,1) -> 2 | G26: 7 | H26: 0 | I26: 645 | J26: 665 | K26: 72 | L26: 21000 | M26: 100 | N26: 100 | O26: 100 | P26: 0 | Q26: 0 | R26: 510021 | T26: 510021 | U26: 400 | V26: 2
A27: 100027 | B27: 国色天香 | C27: 1 | F27: 2 | G27: 5 | H27: 100022 | I27: 541 | J27: 578 | K27: 52 | L27: 10500 | M27: 100 | N27: 100 | O27: 100 | P27: 0 | Q27: 0 | R27: 510021 | T27: 510021 | U27: 100 | V27: 2
A28: 100031 | B28: 白银球杆 | C28: 1 | F28: =IF(G28>3,2,1) -> 1 | G28: 2 | H28: 100032 | I28: 410 | J28: 400 | K28: 40 | L28: 1000 | M28: 0 | N28: 0 | O28: 0 | P28: 0 | Q28: 0 | R28: 510031 | T28: 510031 | U28: 6 | V28: 3
A29: 100032 | B29: 白银球杆 | C29: 1 | F29: =IF(G29>3,2,1) -> 1 | G29: 3 | H29: 100033 | I29: 450 | J29: 440 | K29: 46 | L29: 3000 | M29: 0 | N29: 0 | O29: 0 | P29: 0 | Q29: 0 | R29: 510031 | T29: 510031 | U29: 16 | V29: 3
A30: 100033 | B30: 白银球杆 | C30: 1 | F30: =IF(G30>3,2,1) -> 2 | G30: 4 | H30: 0 | I30: 495 | J30: 485 | K30: 52 | L30: 6000 | M30: 100 | N30: 100 | O30: 100 | P30: 0 | Q30: 0 | R30: 510031 | T30: 510031 | U30: 20 | V30: 3
A31: 100041 | B31: 骑士长枪 | C31: 1 | F31: =IF(G31>3,2,1) -> 2 | G31: 4 | H31: 100042 | I31: 495 | J31: 492 | K31: 52 | L31: 6000 | M31: 100 | N31: 100 | O31: 100 | P31: 0 | Q31: 0 | R31: 510041 | T31: 510041 | U31: 20 | V31: 3
A32: 100042 | B32: 骑士长枪 | C32: 1 | F32: =IF(G32>3,2,1) -> 2 | G32: 5 | H32: 100043 | I32: 546 | J32: 541 | K32: 64 | L32: 10500 | M32: 100 | N32: 100 | O32: 100 | P32: 0 | Q32: 0 | R32: 510041 | T32: 510041 | U32: 100 | V32: 3
A33: 100043 | B33: 骑士长枪 | C33: 1 | F33: =IF(G33>3,2,1) -> 2 | G33: 6 | H33: 100044 | I33: 592 | J33: 594 | K33: 74 | L33: 15000 | M33: 100 | N33: 100 | O33: 100 | P33: 0 | Q33: 0 | R33: 510041 | T33: 510041 | U33: 200 | V33: 3
A34: 100044 | B34: 骑士长枪 | C34: 1 | F34: =IF(G34>3,2,1) -> 2 | G34: 7 | H34: 0 | I34: 640 | J34: 641 | K34: 84 | L34: 21000 | M34: 100 | N34: 100 | O34: 100 | P34: 0 | Q34: 0 | R34: 510041 | T34: 510041 | U34: 400 | V34: 3
A35: 100048 | B35: 骑士长枪 | C35: 1 | F35: =IF(G35>3,2,1) -> 2 | G35: 4 | H35: 100042 | I35: 495 | J35: 492 | K35: 52 | L35: 6000 | M35: 100 | N35: 100 | O35: 100 | P35: 0 | Q35: 0 | R35: 510041 | T35: 510041 | U35: 20 | V35: 3
A36: 100051 | B36: 如鱼得水 | C36: 1 | F36: =IF(G36>3,2,1) -> 2 | G36: 5 | H36: 100052 | I36: 543 | J36: 538 | K36: 63 | L36: 10500 | M36: 100 | N36: 100 | O36: 100 | P36: 0 | Q36: 0 | R36: 510051 | T36: 510051 | U36: 100 | V36: 3
A37: 100052 | B37: 如鱼得水 | C37: 1 | F37: =IF(G37>3,2,1) -> 2 | G37: 6 | H37: 100053 | I37: 592 | J37: 584 | K37: 73 | L37: 15000 | M37: 100 | N37: 100 | O37: 100 | P37: 0 | Q37: 0 | R37: 510051 | T37: 510051 | U37: 200 | V37: 3
A38: 100053 | B38: 如鱼得水 | C38: 1 | F38: =IF(G38>3,2,1) -> 2 | G38: 7 | H38: 0 | I38: 644 | J38: 636 | K38: 83 | L38: 21000 | M38: 100 | N38: 100 | O38: 100 | P38: 0 | Q38: 0 | R38: 510051 | T38: 510051 | U38: 400 | V38: 3
A39: 100055 | B39: 如鱼得水 | C39: 1 | F39: 2 | G39: 4 | H39: 100051 | I39: 491 | J39: 486 | K39: 53 | L39: 6000 | M39: 100 | N39: 100 | O39: 100 | P39: 0 | Q39: 0 | R39: 510051 | T39: 510051 | U39: 20 | V39: 3
A40: 100061 | B40: 街头潮牌 | C40: 1 | F40: =IF(G40>3,2,1) -> 2 | G40: 4 | H40: 100062 | I40: 520 | J40: 489 | K40: 42 | L40: 6000 | M40: 100 | N40: 100 | O40: 100 | P40: 0 | Q40: 0 | R40: 510061 | T40: 510061 | U40: 20 | V40: 1
A41: 100062 | B41: 街头潮牌 | C41: 1 | F41: =IF(G41>3,2,1) -> 2 | G41: 5 | H41: 100063 | I41: 566 | J41: 540 | K41: 53 | L41: 10500 | M41: 100 | N41: 100 | O41: 100 | P41: 0 | Q41: 0 | R41: 510061 | T41: 510061 | U41: 100 | V41: 1
A42: 100063 | B42: 街头潮牌 | C42: 1 | F42: =IF(G42>3,2,1) -> 2 | G42: 6 | H42: 0 | I42: 615 | J42: 588 | K42: 63 | L42: 15000 | M42: 100 | N42: 100 | O42: 100 | P42: 0 | Q42: 0 | R42: 510061 | T42: 510061 | U42: 200 | V42: 1
A43: 100065 | B43: 街头潮牌 | C43: 1 | F43: =IF(G43>3,2,1) -> 2 | G43: 4 | H43: 100062 | I43: 520 | J43: 489 | K43: 42 | L43: 6000 | M43: 100 | N43: 100 | O43: 100 | P43: 0 | Q43: 0 | R43: 510061 | T43: 510061 | U43: 20 | V43: 1
A44: 100071 | B44: 紫金葫芦 | C44: 1 | F44: =IF(G44>3,2,1) -> 2 | G44: 5 | H44: 100072 | I44: 541 | J44: 572 | K44: 52 | L44: 10500 | M44: 100 | N44: 100 | O44: 100 | P44: 0 | Q44: 0 | R44: 510071 | T44: 510071 | U44: 100 | V44: 2
A45: 100072 | B45: 紫金葫芦 | C45: 1 | F45: =IF(G45>3,2,1) -> 2 | G45: 6 | H45: 100073 | I45: 595 | J45: 617 | K45: 63 | L45: 15000 | M45: 100 | N45: 100 | O45: 100 | P45: 0 | Q45: 0 | R45: 510071 | T45: 510071 | U45: 200 | V45: 2
A46: 100073 | B46: 紫金葫芦 | C46: 1 | F46: =IF(G46>3,2,1) -> 2 | G46: 7 | H46: 0 | I46: 651 | J46: 669 | K46: 73 | L46: 21000 | M46: 100 | N46: 100 | O46: 100 | P46: 0 | Q46: 0 | R46: 510071 | T46: 510071 | U46: 400 | V46: 2
A47: 100081 | B47: 黑色琴键 | C47: 1 | F47: =IF(G47>3,2,1) -> 2 | G47: 5 | H47: 100082 | I47: 576 | J47: 543 | K47: 54 | L47: 10500 | M47: 100 | N47: 100 | O47: 100 | P47: 0 | Q47: 0 | R47: 510081 | T47: 510081 | U47: 100 | V47: 1
A48: 100082 | B48: 黑色琴键 | C48: 1 | F48: =IF(G48>3,2,1) -> 2 | G48: 6 | H48: 100083 | I48: 623 | J48: 588 | K48: 64 | L48: 15000 | M48: 100 | N48: 100 | O48: 100 | P48: 0 | Q48: 0 | R48: 510081 | T48: 510081 | U48: 200 | V48: 1
A49: 100083 | B49: 黑色琴键 | C49: 1 | F49: =IF(G49>3,2,1) -> 2 | G49: 7 | H49: 0 | I49: 665 | J49: 633 | K49: 74 | L49: 21000 | M49: 100 | N49: 100 | O49: 100 | P49: 0 | Q49: 0 | R49: 510081 | T49: 510081 | U49: 400 | V49: 1
A50: 100091 | B50: 电音吉他 | C50: 1 | F50: =IF(G50>3,2,1) -> 2 | G50: 5 | H50: 100092 | I50: 563 | J50: 547 | K50: 52 | L50: 10500 | M50: 100 | N50: 100 | O50: 100 | P50: 0 | Q50: 0 | R50: 510091 | T50: 510091 | U50: 100 | V50: 1
A51: 100092 | B51: 电音吉他 | C51: 1 | F51: =IF(G51>3,2,1) -> 2 | G51: 6 | H51: 100093 | I51: 612 | J51: 595 | K51: 62 | L51: 15000 | M51: 100 | N51: 100 | O51: 100 | P51: 0 | Q51: 0 | R51: 510091 | T51: 510091 | U51: 200 | V51: 1
... A67: 100143 | B67: 圣诞树 | C67: 1 | F67: =IF(G67>3,2,1) -> 2 | G67: 7 | H67: 0 | I67: 647 | J67: 669 | K67: 73 | L67: 21000 | M67: 100 | N67: 100 | O67: 100 | P67: 0 | Q67: 0 | R67: 510141 | T67: 510141 | U67: 400 | V67: 2
A68: 100147 | B68: 圣诞树 | C68: 1 | F68: 2 | G68: 4 | H68: 100141 | I68: 496 | J68: 528 | K68: 40 | L68: 6000 | M68: 100 | N68: 100 | O68: 100 | P68: 0 | Q68: 0 | R68: 510141 | T68: 510141 | U68: 20 | V68: 2
A69: 100151 | B69: 黄铜球杆 | C69: 1 | F69: =IF(G69>3,2,1) -> 1 | G69: 2 | H69: 100152 | I69: 400 | J69: 430 | K69: 35 | L69: 1000 | M69: 0 | N69: 0 | O69: 0 | P69: 0 | Q69: 0 | R69: 510151 | T69: 510151 | U69: 6 | V69: 2
A70: 100152 | B70: 黄铜球杆 | C70: 1 | F70: =IF(G70>3,2,1) -> 1 | G70: 3 | H70: 100153 | I70: 435 | J70: 460 | K70: 40 | L70: 3000 | M70: 0 | N70: 0 | O70: 0 | P70: 0 | Q70: 0 | R70: 510151 | T70: 510151 | U70: 16 | V70: 2
A71: 100153 | B71: 黄铜球杆 | C71: 1 | F71: =IF(G71>3,2,1) -> 2 | G71: 4 | H71: 0 | I71: 480 | J71: 519 | K71: 45 | L71: 6000 | M71: 100 | N71: 100 | O71: 100 | P71: 0 | Q71: 0 | R71: 510151 | T71: 510151 | U71: 20 | V71: 2
A72: 100161 | B72: 梅花三弄 | C72: 1 | F72: =IF(G72>3,2,1) -> 2 | G72: 4 | H72: 100162 | I72: 497 | J72: 521 | K72: 43 | L72: 6000 | M72: 100 | N72: 100 | O72: 100 | P72: 0 | Q72: 0 | R72: 510161 | T72: 510161 | U72: 20 | V72: 2
A73: 100162 | B73: 梅花三弄 | C73: 1 | F73: =IF(G73>3,2,1) -> 2 | G73: 5 | H73: 0 | I73: 543 | J73: 570 | K73: 53 | L73: 10500 | M73: 100 | N73: 100 | O73: 100 | P73: 0 | Q73: 0 | R73: 510161 | T73: 510161 | U73: 100 | V73: 2
A74: 100170 | B74: 龙回头 | C74: 1 | F74: =IF(G74>3,2,1) -> 2 | G74: 4 | H74: 100173 | I74: 495 | J74: 489 | K74: 52 | L74: 6000 | M74: 100 | N74: 100 | O74: 100 | P74: 0 | Q74: 0 | R74: 510171 | T74: 510171 | U74: 20 | V74: 3
A75: 100171 | B75: 龙回头 | C75: 1 | F75: =IF(G75>3,2,1) -> 1 | G75: 3 | H75: 100172 | I75: 469 | J75: 463 | K75: 47 | L75: 3000 | M75: 0 | N75: 0 | O75: 0 | P75: 0 | Q75: 0 | R75: 510171 | T75: 510171 | U75: 16 | V75: 3
A76: 100172 | B76: 龙回头 | C76: 1 | F76: =IF(G76>3,2,1) -> 2 | G76: 4 | H76: 100173 | I76: 495 | J76: 489 | K76: 52 | L76: 6000 | M76: 100 | N76: 100 | O76: 100 | P76: 0 | Q76: 0 | R76: 510171 | T76: 510171 | U76: 20 | V76: 3
A77: 100173 | B77: 龙回头 | C77: 1 | F77: =IF(G77>3,2,1) -> 2 | G77: 5 | H77: 100174 | I77: 541 | J77: 535 | K77: 62 | L77: 10500 | M77: 100 | N77: 100 | O77: 100 | P77: 0 | Q77: 0 | R77: 510171 | T77: 510171 | U77: 100 | V77: 3
A78: 100174 | B78: 龙回头 | C78: 1 | F78: =IF(G78>3,2,1) -> 2 | G78: 6 | H78: 100175 | I78: 587 | J78: 581 | K78: 72 | L78: 15000 | M78: 100 | N78: 100 | O78: 100 | P78: 0 | Q78: 0 | R78: 510171 | T78: 510171 | U78: 200 | V78: 3
A79: 100175 | B79: 龙回头 | C79: 1 | F79: =IF(G79>3,2,1) -> 2 | G79: 7 | H79: 0 | I79: 635 | J79: 629 | K79: 83 | L79: 21000 | M79: 100 | N79: 100 | O79: 100 | P79: 0 | Q79: 0 | R79: 510171 | T79: 510171 | U79: 400 | V79: 3
A80: 100181 | B80: 成就大师 | C80: 1 | F80: 2 | G80: 6 | H80: 0 | I80: 610 | J80: 605 | K80: 73 | L80: 15000 | M80: 100 | N80: 100 | O80: 100 | P80: 0 | Q80: 0 | R80: 510181 | T80: 510181 | U80: 200 | V80: 3
A81: 100191 | B81: 台球达人 | C81: 1 | F81: 1 | G81: 3 | H81: 100192 | I81: 471 | J81: 480 | K81: 46 | L81: 3000 | M81: 0 | N81: 0 | O81: 0 | P81: 0 | Q81: 0 | R81: 510191 | T81: 510191 | U81: 16 | V81: 3
A82: 100192 | B82: 台球达人 | C82: 1 | F82: 2 | G82: 4 | H82: 100193 | I82: 496 | J82: 505 | K82: 51 | L82: 6000 | M82: 100 | N82: 100 | O82: 100 | P82: 0 | Q82: 0 | R82: 510191 | T82: 510191 | U82: 20 | V82: 3
A83: 100193 | B83: 台球达人 | C83: 1 | F83: 2 | G83: 5 | H83: 100194 | I83: 541 | J83: 550 | K83: 61 | L83: 10500 | M83: 100 | N83: 100 | O83: 100 | P83: 0 | Q83: 0 | R83: 510191 | T83: 510191 | U83: 100 | V83: 3
A84: 100194 | B84: 台球达人 | C84: 1 | F84: 2 | G84: 6 | H84: 100195 | I84: 586 | J84: 595 | K84: 71 | L84: 15000 | M84: 100 | N84: 100 | O84: 100 | P84: 0 | Q84: 0 | R84: 510191 | T84: 510191 | U84: 200 | V84: 3
A85: 100195 | B85: 台球达人 | C85: 1 | F85: 2 | G85: 7 | H85: 0 | I85: 631 | J85: 640 | K85: 81 | L85: 21000 | M85: 100 | N85: 100 | O85: 100 | P85: 0 | Q85: 0 | R85: 510191 | T85: 510191 | U85: 400 | V85: 3
A86: 100201 | B86: 雄鹰权杖 | C86: 1 | F86: 2 | G86: 5 | H86: 100202 | I86: 560 | J86: 540 | K86: 50 | L86: 10500 | M86: 100 | N86: 100 | O86: 100 | P86: 0 | Q86: 0 | R86: 510201 | T86: 510201 | U86: 100 | V86: 1
A87: 100202 | B87: 雄鹰权杖 | C87: 1 | F87: 2 | G87: 6 | H87: 100203 | I87: 612 | J87: 588 | K87: 62 | L87: 15000 | M87: 100 | N87: 100 | O87: 100 | P87: 0 | Q87: 0 | R87: 510201 | T87: 510201 | U87: 200 | V87: 1
A88: 100203 | B88: 雄鹰权杖 | C88: 1 | F88: 2 | G88: 7 | H88: 0 | I88: 663 | J88: 642 | K88: 72 | L88: 21000 | M88: 100 | N88: 100 | O88: 100 | P88: 0 | Q88: 0 | R88: 510201 | T88: 510201 | U88: 400 | V88: 1
A89: 100221 | B89: 双龙戏珠 | C89: 1 | F89: 2 | G89: 4 | H89: 100222 | I89: 523 | J89: 495 | K89: 42 | L89: 6000 | M89: 100 | N89: 100 | O89: 100 | P89: 0 | Q89: 0 | R89: 510221 | T89: 510221 | U89: 4 | V89: 1
A90: 100222 | B90: 双龙戏珠 | C90: 1 | F90: 2 | G90: 5 | H90: 100223 | I90: 571 | J90: 545 | K90: 52 | L90: 10500 | M90: 100 | N90: 100 | O90: 100 | P90: 0 | Q90: 0 | R90: 510221 | T90: 510221 | U90: 5 | V90: 1
A91: 100223 | B91: 双龙戏珠 | C91: 1 | F91: 2 | G91: 6 | H91: 0 | I91: 618 | J91: 595 | K91: 62 | L91: 15000 | M91: 100 | N91: 100 | O91: 100 | P91: 0 | Q91: 0 | R91: 510221 | T91: 510221 | U91: 6 | V91: 1
... A93: 100232 | B93: 流光宝石 | C93: 1 | F93: 2 | G93: 5 | H93: 0 | I93: 539 | J93: 542 | K93: 64 | L93: 10500 | M93: 100 | N93: 100 | O93: 100 | P93: 0 | Q93: 0 | R93: 510231 | T93: 510231 | U93: 5 | V93: 3
A94: 100240 | B94: 枫叶 | C94: 1 | F94: 1 | G94: 3 | H94: 100241 | I94: 460 | J94: 505 | K94: 37 | L94: 3000 | M94: 0 | N94: 0 | O94: 0 | P94: 0 | Q94: 600008 | R94: 510241 | S94: 61 | T94: 510241 | U94: 3 | V94: 2
A95: 100241 | B95: 枫叶 | C95: 1 | F95: 2 | G95: 4 | H95: 100242 | I95: 485 | J95: 530 | K95: 44 | L95: 6000 | M95: 100 | N95: 100 | O95: 100 | P95: 0 | Q95: 600008 | R95: 510241 | S95: 61 | T95: 510241 | U95: 4 | V95: 2
A96: 100242 | B96: 枫叶 | C96: 1 | F96: 2 | G96: 5 | H96: 0 | I96: 531 | J96: 576 | K96: 56 | L96: 10500 | M96: 100 | N96: 100 | O96: 100 | P96: 0 | Q96: 600008 | R96: 510241 | S96: 61 | T96: 510241 | U96: 5 | V96: 2
A97: 100251 | B97: 劳动光荣 | C97: 1 | F97: 1 | G97: 3 | H97: 100252 | I97: 450 | J97: 480 | K97: 39 | L97: 3000 | M97: 0 | N97: 0 | O97: 0 | P97: 0 | Q97: 0 | R97: 510251 | T97: 510251 | U97: 3 | V97: 2
A98: 100252 | B98: 劳动光荣 | C98: 1 | F98: 2 | G98: 4 | H98: 100253 | I98: 480 | J98: 510 | K98: 44 | L98: 6000 | M98: 100 | N98: 100 | O98: 100 | P98: 0 | Q98: 0 | R98: 510251 | T98: 510251 | U98: 20 | V98: 2
A99: 100253 | B99: 劳动光荣 | C99: 1 | F99: 2 | G99: 5 | H99: 100254 | I99: 535 | J99: 565 | K99: 54 | L99: 10500 | M99: 100 | N99: 100 | O99: 100 | P99: 0 | Q99: 0 | R99: 510251 | T99: 510251 | U99: 100 | V99: 2
A100: 100254 | B100: 劳动光荣 | C100: 1 | F100: 2 | G100: 6 | H100: 100256 | I100: 585 | J100: 635 | K100: 64 | L100: 15000 | M100: 100 | N100: 100 | O100: 100 | P100: 0 | Q100: 0 | R100: 510251 | T100: 510251 | U100: 200 | V100: 2
A101: 100256 | B101: 劳动光荣 | C101: 1 | F101: 2 | G101: 7 | H101: 0 | I101: 640 | J101: 698 | K101: 74 | L101: 21000 | M101: 100 | N101: 100 | O101: 100 | P101: 0 | Q101: 0 | R101: 510251 | T101: 510251 | U101: 400 | V101: 2
A102: 100261 | B102: 楠木球杆 | C102: 1 | F102: 1 | G102: 2 | H102: 100262 | I102: 410 | J102: 435 | K102: 30 | L102: 1000 | M102: 0 | N102: 0 | O102: 0 | P102: 0 | Q102: 0 | R102: 510261 | T102: 510261 | U102: 2 | V102: 2
A103: 100262 | B103: 楠木球杆 | C103: 1 | F103: 1 | G103: 3 | H103: 100263 | I103: 445 | J103: 476 | K103: 36 | L103: 3000 | M103: 0 | N103: 0 | O103: 0 | P103: 0 | Q103: 0 | R103: 510261 | T103: 510261 | U103: 3 | V103: 2
A104: 100263 | B104: 楠木球杆 | C104: 1 | F104: 2 | G104: 4 | H104: 0 | I104: 475 | J104: 518 | K104: 44 | L104: 6000 | M104: 100 | N104: 100 | O104: 100 | P104: 0 | Q104: 0 | R104: 510261 | T104: 510261 | U104: 4 | V104: 2
A105: 100271 | B105: 智慧权杖 | C105: 1 | F105: 2 | G105: 2 | H105: 100272 | I105: 430 | J105: 420 | K105: 30 | L105: 1000 | M105: 0 | N105: 0 | O105: 0 | P105: 0 | Q105: 0 | R105: 510271 | T105: 510271 | U105: 2 | V105: 1
A106: 100272 | B106: 智慧权杖 | C106: 1 | F106: 2 | G106: 3 | H106: 100273 | I106: 471 | J106: 450 | K106: 36 | L106: 3000 | M106: 0 | N106: 0 | O106: 0 | P106: 0 | Q106: 0 | R106: 510271 | T106: 510271 | U106: 3 | V106: 1
A107: 100273 | B107: 智慧权杖 | C107: 1 | F107: 2 | G107: 4 | H107: 0 | I107: 521 | J107: 475 | K107: 45 | L107: 6000 | M107: 100 | N107: 100 | O107: 100 | P107: 0 | Q107: 0 | R107: 510271 | T107: 510271 | U107: 4 | V107: 1
A108: 100281 | B108: 权力之杖 | C108: 1 | F108: 1 | G108: 2 | H108: 100282 | I108: 440 | J108: 410 | K108: 31 | L108: 1000 | M108: 0 | N108: 0 | O108: 0 | P108: 0 | Q108: 0 | R108: 510281 | T108: 510281 | U108: 2 | V108: 1
... A113: 100293 | B113: 橡木球杆 | C113: 1 | F113: 2 | G113: 4 | H113: 0 | I113: 477 | J113: 495 | K113: 53 | L113: 6000 | M113: 100 | N113: 100 | O113: 100 | P113: 0 | Q113: 0 | R113: 510291 | T113: 510291 | U113: 4 | V113: 3
A114: 100321 | B114: 方天画戟 | C114: 1 | F114: 2 | G114: 5 | H114: 100322 | I114: 592 | J114: 566 | K114: 57 | L114: 10500 | M114: 100 | N114: 100 | O114: 100 | R114: 510321 | T114: 510321 | U114: 100 | V114: 1 | W114: [1,0]
A115: 100322 | B115: 方天画戟 | C115: 1 | F115: 2 | G115: 6 | H115: 100323 | I115: 635 | J115: 610 | K115: 69 | L115: 15000 | M115: 100 | N115: 100 | O115: 100 | R115: 510321 | T115: 510321 | U115: 200 | V115: 1 | W115: [1,0]
A116: 100323 | B116: 方天画戟 | C116: 1 | F116: 2 | G116: 7 | I116: 678 | J116: 654 | K116: 81 | L116: 21000 | M116: 100 | N116: 100 | O116: 100 | R116: 510321 | T116: 510321 | U116: 400 | V116: 1 | W116: [1,0]
A117: 100331 | B117: 青龙偃月 | C117: 1 | F117: 2 | G117: 5 | H117: 100332 | I117: 590 | J117: 570 | K117: 56 | L117: 10500 | M117: 100 | N117: 100 | O117: 100 | R117: 510331 | T117: 510331 | U117: 100 | V117: 1 | W117: [2,105]
A118: 100332 | B118: 青龙偃月 | C118: 1 | F118: 2 | G118: 6 | H118: 100333 | I118: 630 | J118: 610 | K118: 66 | L118: 15000 | M118: 100 | N118: 100 | O118: 100 | R118: 510331 | T118: 510331 | U118: 200 | V118: 1 | W118: [2,105]
A119: 100333 | B119: 青龙偃月 | C119: 1 | F119: 2 | G119: 7 | H119: 100334 | I119: 675 | J119: 660 | K119: 76 | L119: 21000 | M119: 100 | N119: 100 | O119: 100 | R119: 510331 | T119: 510331 | U119: 400 | V119: 1 | W119: [2,105]
A120: 100334 | B120: 青龙偃月 | C120: 1 | F120: 2 | G120: 8 | H120: 0 | I120: 710 | J120: 700 | K120: 90 | L120: 50000 | M120: 100 | N120: 100 | O120: 100 | R120: 0 | T120: 0 | U120: 0 | V120: 1 | W120: [2,105]
A121: 100341 | B121: 法老权杖 | C121: 1 | F121: 2 | G121: 5 | H121: 100342 | I121: 543 | J121: 560 | K121: 61 | L121: 10500 | M121: 100 | N121: 100 | O121: 100 | R121: 510341 | T121: 510341 | U121: 100 | V121: 3 | W121: [1,0]
...

Sheet cue_level
A1: CONFIG_NAME | B1: cue_level | C1: 配置名, 如果没有这个字段, 则这个Sheet不会导出
A2: CONFIG_DESCRIPTION | B2: 球杆升级属性配置 | C2: 可选, 配置文件描述.
A3: COLOR_COMMENT | B3: comment | C3: 注释背景颜色
A4: COLOR_COLUMN_INFO | B4: column_info
A5: RELATED_CONFIG | C5: 可选, 关联的表格
A6: TABLE_HEAD_LEN | B6: 4 | C6: 可选, 默认为3, 字段描述的长度.
A7: TABLE_PROPERTY
A8: TABLE_PROPERTY_RELATED
A11: 品质 | B11: 星级 | C11: 升级类型 | D11: 力度绝对值 | E11: 加塞绝对值 | F11: 瞄准绝对值 | G11: 魅力评分绝对值 | H11: 材料1消耗数量 | I11: 通用材料 | J11: 材料2消耗数量 | K11: 熟练度消耗
A12: quality | B12: star | C12: upgrade_type | D12: force_ratio | E12: spin_ratio | F12: aim_ratio | G12: charm_value_ratio | H12: fir_material_count | I12: sec_material | J12: sec_material_count | K12: proficiency
A13: int32 | B13: int32 | C13: int32 | D13: int32 | E13: int32 | F13: int32 | G13: int32 | H13: int32 | I13: int32 | J13: int32 | K13: int32
A14: multikey,lua,pb,json | B14: multikey,lua,pb,json | C14: lua,pb,json | D14: lua,pb,json | E14: lua,pb,json | F14: lua,pb,json | G14: lua,pb,json | H14: lua,pb,json | I14: lua,pb,json | J14: lua,pb,json | K14: lua,pb,json
A15: 0 | B15: 0 | C15: 1 | D15: 0 | E15: 0 | F15: 0 | G15: 0 | H15: 0 | I15: 0 | J15: 0 | K15: 0
A16: 2 | B16: 0 | C16: 1 | D16: 0 | E16: 0 | F16: 0 | G16: 0 | H16: 5 | I16: 600001 | J16: 10 | K16: 30
A17: 2 | B17: 1 | C17: 1 | D17: 5 | E17: 5 | F17: 1 | G17: 50 | H17: 10 | I17: 600001 | J17: 12 | K17: 30
A18: 2 | B18: 2 | C18: 1 | D18: 10 | E18: 10 | F18: 2 | G18: 100 | H18: 15 | I18: 600001 | J18: 14 | K18: 30
A19: 2 | B19: 3 | C19: 1 | D19: 15 | E19: 15 | F19: 3 | G19: 150 | H19: 20 | I19: 600001 | J19: 16 | K19: 30
A20: 2 | B20: 4 | C20: 1 | D20: 20 | E20: 20 | F20: 4 | G20: 200 | H20: 25 | I20: 600001 | J20: 18 | K20: 30
A21: 2 | B21: 5 | C21: 2 | D21: 25 | E21: 25 | F21: 5 | G21: 250 | H21: 30 | I21: 600003 | J21: 50 | K21: 30
A22: 3 | B22: 0 | C22: 1 | D22: 0 | E22: 0 | F22: 0 | G22: 0 | H22: 35 | I22: 600001 | J22: 20 | K22: 200
A23: 3 | B23: 1 | C23: 1 | D23: 4 | E23: 4 | F23: 1 | G23: 100 | H23: 40 | I23: 600001 | J23: 24 | K23: 200
A24: 3 | B24: 2 | C24: 1 | D24: 8 | E24: 8 | F24: 2 | G24: 200 | H24: 45 | I24: 600001 | J24: 28 | K24: 200
A25: 3 | B25: 3 | C25: 1 | D25: 12 | E25: 12 | F25: 3 | G25: 300 | H25: 50 | I25: 600001 | J25: 32 | K25: 200
A26: 3 | B26: 4 | C26: 1 | D26: 16 | E26: 16 | F26: 4 | G26: 400 | H26: 55 | I26: 600001 | J26: 36 | K26: 200
... A57: 8 | B57: 5 | C57: 0 | D57: 50 | E57: 50 | F57: 10 | G57: 5000 | H57: 200 | I57: 0 | J57: 0 | K57: 2000

Sheet cue_attribute
A1: CONFIG_NAME | B1: cue_attribute | C1: 配置名, 如果没有这个字段, 则这个Sheet不会导出
A2: CONFIG_DESCRIPTION | B2: 球杆品质属性上限 | C2: 可选, 配置文件描述.
A3: COLOR_COMMENT | B3: comment | C3: 注释背景颜色
A4: COLOR_COLUMN_INFO | B4: column_info
A5: RELATED_CONFIG | C5: 可选, 关联的表格
A6: TABLE_HEAD_LEN | B6: 4 | C6: 可选, 默认为3, 字段描述的长度.
A7: TABLE_PROPERTY
A8: TABLE_PROPERTY_RELATED
A11: 品质 | B11: 力度最大值 | C11: 加塞最大值 | D11: 瞄准最大值 | E11: 魅力评分最大值
A12: quality | B12: force_max | C12: spin_max | D12: aim_max | E12: charm_max
A13: int32 | B13: int32 | C13: int32 | D13: int32 | E13: int32
A14: key,lua,pb,json | B14: lua,pb,json | C14: lua,pb,json | D14: lua,pb,json | E14: lua,pb,json
A15: 0 | B15: 0 | C15: 0 | D15: 0 | E15: 0
A16: 1 | B16: 400 | C16: 400 | D16: 30 | E16: 1000
A17: 2 | B17: 440 | C17: 440 | D17: 37 | E17: 3000
A18: 3 | B18: 485 | C18: 485 | D18: 45 | E18: 6000
A19: 4 | B19: 543 | C19: 543 | D19: 54 | E19: 10500
A20: 5 | B20: 594 | C20: 594 | D20: 64 | E20: 15000
A21: 6 | B21: 660 | C21: 660 | D21: 75 | E21: 21000
A22: 7 | B22: 700 | C22: 700 | D22: 94 | E22: 26000
A23: 8 | B23: 750 | C23: 750 | D23: 110 | E23: 55000

Sheet cue_experience
A1: CONFIG_NAME | B1: cue_experience | C1: 配置名, 如果没有这个字段, 则这个Sheet不会导出
A2: CONFIG_DESCRIPTION | B2: 球杆升级属性配置 | C2: 可选, 配置文件描述.
A3: COLOR_COMMENT | B3: comment | C3: 注释背景颜色
A4: COLOR_COLUMN_INFO | B4: column_info
A5: RELATED_CONFIG | C5: 可选, 关联的表格
A6: TABLE_HEAD_LEN | B6: 4 | C6: 可选, 默认为3, 字段描述的长度.
A7: TABLE_PROPERTY
A8: TABLE_PROPERTY_RELATED
A11: 体验球杆id | B11: 参考中文名 | C11: 对应球杆id | D11: 货币类型 | E11: 直售价格 | F11: 星级 | G11: 原价 | H11: 我要变强
A12: experience_id | B12: name_ch | C12: cue_id | D12: type_money | E12: price | F12: star | G12: ori_price | H12: strong
A13: int32 | B13: string | C13: int32 | D13: int32 | E13: int32 | F13: int32 | G13: int32 | H13: int32
A14: key,lua,pb,json | C14: lua,pb,json | D14: lua,pb,json | E14: lua,pb,json | F14: lua,pb,json | G14: lua,pb,json | H14: lua,pb,json
A15: 0 | B15: 0 | C15: 0 | D15: 0 | E15: 0 | F15: 5 | G15: 0 | H15: 0 | N15: 新球杆
A16: 120001 | B16: 原木球杆(体验球杆) | C16: 100003 | D16: 1 | E16: 588 | F16: 0 | G16: 1988 | J16: 188 | K16: 268 | L16: =J16/K16 -> 0.70149254 | N16: S | O16: 1288
A17: 120010 | B17: 地狱火焰 | C17: 100011 | D17: 1 | E17: 588 | F17: 0 | G17: 888 | H17: 1 | J17: 588 | K17: 888 | L17: =J17/K17 -> 0.66216216 | N17: SS | O17: 2488
A18: 120011 | B18: 地狱火焰 | C18: 100012 | D18: 1 | E18: 888 | F18: 0 | G18: 1988 | H18: 1 | J18: 988 | K18: =1988 -> 1988 | L18: =J18/K18 -> 0.49698189 | N18: SSS | O18: 3888
A19: 120012 | B19: 地狱火焰 | C19: 100013 | D19: 1 | E19: 1588 | F19: 0 | G19: 6888 | H19: 1 | J19: 2888 | K19: 6888 | L19: =J19/K19 -> 0.41927991
A20: 120013 | B20: 地狱火焰 | C20: 100014 | D20: 1 | E20: 2888 | F20: 0 | G20: 15888 | H20: 1 | J20: 5888 | K20: 15888 | L20: =J20/K20 -> 0.37059416
A21: 120021 | B21: 国色天香 | C21: 100021 | D21: 1 | E21: 888 | F21: 0 | G21: 1988 | H21: 1 | J21: 9888 | K21: 28888 | L21: =J21/K21 -> 0.34228745
A22: 120022 | B22: 国色天香 | C22: 100022 | D22: 1 | E22: 1588 | F22: 0 | G22: 6888 | H22: 1
A23: 120023 | B23: 国色天香 | C23: 100023 | D23: 1 | E23: 2888 | F23: 0 | G23: 15888 | H23: 1
A24: 120031 | B24: 白银球杆 | C24: 100033 | D24: 1 | E24: 588 | F24: 0 | G24: 888 | H24: 1 | J24: 588 | K24: 0 | L24: 888
A25: 120041 | B25: 骑士长枪 | C25: 100042 | D25: 1 | E25: 888 | F25: 0 | G25: 1988 | H25: 1 | J25: 888 | K25: 0 | L25: 1988
A26: 120042 | B26: 骑士长枪 | C26: 100043 | D26: 1 | E26: 1588 | F26: 0 | G26: 6888 | H26: 1
A27: 120043 | B27: 骑士长枪 | C27: 100044 | D27: 1 | E27: 2888 | F27: 0 | G27: 15888 | H27: 1
A28: 120050 | B28: 如鱼得水 | C28: 100055 | D28: 1 | E28: 588 | F28: 0 | G28: 888 | H28: 1
A29: 120051 | B29: 如鱼得水 | C29: 100051 | D29: 1 | E29: 888 | F29: 0 | G29: 1988 | H29: 1
A30: 120052 | B30: 如鱼得水 | C30: 100052 | D30: 1 | E30: 1588 | F30: 0 | G30: 6888 | H30: 1
A31: 120053 | B31: 如鱼得水 | C31: 100053 | D31: 1 | E31: 2888 | F31: 0 | G31: 15888 | H31: 1
A32: 120060 | B32: 街头潮牌 | C32: 100061 | D32: 1 | E32: 588 | F32: 0 | G32: 888 | H32: 1
A33: 120061 | B33: 街头潮牌 | C33: 100062 | D33: 1 | E33: 1588 | F33: 0 | G33: 1988 | H33: 1
A34: 120062 | B34: 街头潮牌 | C34: 100063 | D34: 1 | E34: 2888 | F34: 0 | G34: 6888 | H34: 1
A35: 120071 | B35: 紫金葫芦 | C35: 100071 | D35: 1 | E35: 888 | F35: 0 | G35: 1988 | H35: 1
A36: 120072 | B36: 紫金葫芦 | C36: 100072 | D36: 1 | E36: 1588 | F36: 0 | G36: 6888 | H36: 1
A37: 120073 | B37: 紫金葫芦 | C37: 100073 | D37: 1 | E37: 2888 | F37: 0 | G37: 15888 | H37: 1
... A55: 120133 | B55: 圣诞糖果 | C55: 100133 | D55: 1 | E55: 2888 | F55: 0 | G55: 15888 | H55: 1
A56: 120141 | B56: 圣诞树 | C56: 100141 | D56: 1 | E56: 888 | F56: 0 | G56: 1988
A57: 120142 | B57: 圣诞树 | C57: 100142 | D57: 1 | E57: 1588 | F57: 0 | G57: 6888
A58: 120143 | B58: 圣诞树 | C58: 100143 | D58: 1 | E58: 2888 | F58: 0 | G58: 15888
A59: 120147 | B59: 圣诞树 | C59: 100147 | D59: 1 | E59: 588 | F59: 0 | G59: 888
A60: 120151 | B60: 黄铜球杆 | C60: 100153 | D60: 1 | E60: 588 | F60: 0 | G60: 888 | H60: 1
A61: 120161 | B61: 梅花三弄 | C61: 100162 | D61: 1 | E61: 888 | F61: 0 | G61: 1988 | H61: 1
A62: 120162 | B62: 梅花三弄 | C62: 100163 | D62: 1 | E62: 1588 | F62: 5 | G62: 6888 | H62: 1
A63: 120163 | B63: 梅花三弄 | C63: 100164 | D63: 1 | E63: 2888 | F63: 5 | G63: 15888 | H63: 1
A64: 120170 | B64: 龙回头 | C64: 100173 | D64: 1 | E64: 588 | F64: 0 | G64: 988 | H64: 1
A65: 120171 | B65: 龙回头 | C65: 100173 | D65: 1 | E65: 888 | F65: 0 | G65: 1988 | H65: 1
A66: 120172 | B66: 龙回头 | C66: 100174 | D66: 1 | E66: 1588 | F66: 0 | G66: 6888 | H66: 1
A67: 120173 | B67: 龙回头 | C67: 100175 | D67: 1 | E67: 2888 | F67: 0 | G67: 15888 | H67: 1
A68: 120174 | B68: 龙回头 | C68: 100172 | D68: 1 | E68: 588 | F68: 0 | G68: 888 | H68: 1
A69: 120181 | B69: 成就大师 | C69: 100181 | D69: 1 | E69: 1588 | F69: 0 | G69: 6888 | H69: 1
A70: 120190 | B70: 台球达人 | C70: 100192 | D70: 1 | E70: 588 | F70: 0 | G70: 888 | H70: 1
A71: 120191 | B71: 台球达人 | C71: 100193 | D71: 1 | E71: 888 | F71: 0 | G71: 1988 | H71: 1
... A76: 120203 | B76: 雄鹰权杖 | C76: 100203 | D76: 1 | E76: 2888 | F76: 0 | G76: 15888 | H76: 1
A77: 100015 | B77: 地狱火焰 | C77: 100012 | D77: 1 | E77: 888 | F77: 0 | G77: 1988
A78: 100016 | B78: 地狱火焰 | C78: 100013 | D78: 1 | E78: 1588 | F78: 0 | G78: 6888
A79: 100017 | B79: 地狱火焰 | C79: 100014 | D79: 1 | E79: 2888 | F79: 0 | G79: 15888
A80: 100024 | B80: 国色天香 | C80: 100021 | D80: 1 | E80: 888 | F80: 0 | G80: 1988
A81: 100025 | B81: 国色天香 | C81: 100022 | D81: 1 | E81: 1588 | F81: 0 | G81: 6888
A82: 100026 | B82: 国色天香 | C82: 100023 | D82: 1 | E82: 2888 | F82: 0 | G82: 15888
A83: 100045 | B83: 骑士长枪 | C83: 100042 | D83: 1 | E83: 888 | F83: 0 | G83: 1988
A84: 100046 | B84: 骑士长枪 | C84: 100043 | D84: 1 | E84: 1588 | F84: 0 | G84: 6888
A85: 100047 | B85: 骑士长枪 | C85: 100044 | D85: 1 | E85: 2888 | F85: 0 | G85: 15888
A86: 100054 | B86: 如鱼得水 | C86: 100051 | D86: 1 | E86: 888 | F86: 0 | G86: 1988
A87: 100056 | B87: 如鱼得水 | C87: 100052 | D87: 1 | E87: 1588 | F87: 0 | G87: 6888
A88: 100057 | B88: 如鱼得水 | C88: 100053 | D88: 1 | E88: 2888 | F88: 0 | G88: 15888
... A125: 100206 | B125: 雄鹰权杖 | C125: 100203 | D125: 1 | E125: 2888 | F125: 0 | G125: 15888
A126: 100227 | B126: 双龙戏珠SS | C126: 100223 | D126: 1 | E126: 1588 | F126: 0 | G126: 9888 | I126: =VLOOKUP(A126,item!A12:H1664,5) -> 双龙戏珠主题球杆，品质等级SS
A127: 100235 | B127: 流光宝石 | C127: 100232 | D127: 1 | E127: 888 | F127: 0 | G127: 1988 | I127: =VLOOKUP(A127,item!A13:H1664,5) -> 流光宝石主题球杆，品质等级S
A128: 100345 | B128: 法老权杖 | C128: 100342 | D128: 1 | E128: 2488 | F128: 0 | G128: 6888 | I128: =VLOOKUP(A128,item!A14:H1664,5) -> 法老权杖主题球杆，品质等级SSS
A129: 100395 | B129: 丈八蛇矛 | C129: 100392 | D129: 1 | E129: 2488 | F129: 0 | G129: 6888 | I129: =VLOOKUP(A129,item!A15:H1665,5) -> 丈八蛇矛主题球杆，品质等级SSS
A130: 100966 | B130: 蓝梦月泪 | C130: 100963 | D130: 1 | E130: 2488 | F130: 0 | G130: 6888 | I130: =VLOOKUP(A130,item!A16:H1666,5) -> 蓝梦月泪主题球杆，品质等级SSS
A131: 100986 | B131: 樱韵霜芒 | C131: 100983 | D131: 1 | E131: 2488 | F131: 0 | G131: 6888 | H131: 1 | I131: =VLOOKUP(A131,item!A17:H1667,5) -> 樱韵霜芒主题球杆，品质等级SSS
A132: 100112 | B132: 喵星物语SS | C132: 100111 | D132: 1 | E132: 1588 | F132: 0 | G132: 9888 | H132: 1
A133: 120221 | B133: 双龙戏珠(体验) | C133: 100221 | D133: 1 | E133: 588 | F133: 0 | G133: 1988 | H133: 1
A134: 120222 | B134: 双龙戏珠(体验) | C134: 100222 | D134: 1 | E134: 888 | F134: 0 | G134: 6888 | H134: 1
A135: 120223 | B135: 双龙戏珠(体验) | C135: 100223 | D135: 1 | E135: 1588 | F135: 0 | G135: 15888 | H135: 1
A136: 120231 | B136: 流光宝石(体验) | C136: 100231 | D136: 1 | E136: 588 | F136: 0 | G136: 1988
A137: 120241 | B137: 枫叶(体验) | C137: 100241 | D137: 1 | E137: 588 | F137: 0 | G137: 1988
A138: 120253 | B138: 劳动光荣(体验) | C138: 100253 | D138: 1 | E138: 888 | F138: 0 | G138: 1988
A139: 120254 | B139: 劳动光荣(体验) | C139: 100254 | D139: 1 | E139: 1588 | F139: 0 | G139: 6888
A140: 120261 | B140: 楠木球杆(体验) | C140: 100263 | D140: 1 | E140: 588 | F140: 0 | G140: 888
A141: 120271 | B141: 智慧权杖(体验) | C141: 100273 | D141: 1 | E141: 588 | F141: 0 | G141: 888
A142: 120281 | B142: 权力之杖(体验) | C142: 100283 | D142: 1 | E142: 588 | F142: 0 | G142: 888
A143: 120291 | B143: 橡木球杆(体验) | C143: 100293 | D143: 1 | E143: 588 | F143: 0 | G143: 888
A144: 120321 | B144: 方天画戟 | C144: 100321 | D144: 1 | E144: 888 | F144: 0 | G144: 1988
A145: 120322 | B145: 方天画戟 | C145: 100322 | D145: 1 | E145: 1588 | F145: 0 | G145: 6888
A146: 120323 | B146: 方天画戟 | C146: 100323 | D146: 1 | E146: 2888 | F146: 0 | G146: 15888
A147: 120331 | B147: 青龙偃月 | C147: 100331 | D147: 1 | E147: 888 | F147: 0 | G147: 1988
... A166: 120393 | B166: 丈八蛇矛 | C166: 100393 | D166: 1 | E166: 2888 | F166: 0 | G166: 15888
A167: 120401 | B167: 南瓜头 | C167: 100401 | D167: 1 | E167: 888 | F167: 0 | G167: 1988 | H167: 1
A168: 120402 | B168: 南瓜头 | C168: 100402 | D168: 1 | E168: 1588 | F168: 0 | G168: 6888 | H168: 1
A169: 120403 | B169: 南瓜头 | C169: 100403 | D169: 1 | E169: 2888 | F169: 0 | G169: 15888 | H169: 1
A170: 120411 | B170: 甜心宝贝 | C170: 100411 | D170: 1 | E170: 888 | F170: 0 | G170: 1988 | H170: 1
A171: 120412 | B171: 甜心宝贝 | C171: 100412 | D171: 1 | E171: 1588 | F171: 0 | G171: 6888 | H171: 1
A172: 120413 | B172: 甜心宝贝 | C172: 100413 | D172: 1 | E172: 2888 | F172: 0 | G172: 15888 | H172: 1
A173: 120421 | B173: 乌木球杆 | C173: 100421 | D173: 1 | E173: 888 | F173: 0 | G173: 1988 | H173: 1
A174: 120422 | B174: 乌木球杆 | C174: 100422 | D174: 1 | E174: 1588 | F174: 0 | G174: 6888 | H174: 1
A175: 120423 | B175: 乌木球杆 | C175: 100423 | D175: 1 | E175: 2888 | F175: 0 | G175: 15888 | H175: 1
A176: 120431 | B176: 玉如意 | C176: 100431 | D176: 1 | E176: 888 | F176: 0 | G176: 1988 | H176: 1
A177: 120432 | B177: 玉如意 | C177: 100432 | D177: 1 | E177: 1588 | F177: 0 | G177: 6888 | H177: 1
...

Sheet clothes
A1: CONFIG_NAME | B1: clothes | C1: 配置名, 如果没有这个字段, 则这个Sheet不会导出
A2: CONFIG_DESCRIPTION | B2: 服装属性配置 | C2: 可选, 配置文件描述.
A3: COLOR_COMMENT | B3: comment | C3: 注释背景颜色
A4: COLOR_COLUMN_INFO | B4: column_info
A5: RELATED_CONFIG | C5: 可选, 关联的表格
A6: TABLE_HEAD_LEN | B6: 4 | C6: 可选, 默认为3, 字段描述的长度.
A7: TABLE_PROPERTY
A8: TABLE_PROPERTY_RELATED
A11: 序号 | B11: 参考中文名 | C11: 魅力评分 | D11: 补偿物品ID | E11: 补偿数量
A12: id | B12: name_ch | C12: charm_value | D12: compensation | E12: count_comp
A13: int32 | B13: string | C13: int32 | D13: int32 | E13: int32
A14: key,lua,pb,json | C14: lua,pb,json | D14: lua,pb,json | E14: lua,pb,json
B15: 0 | C15: 0 | D15: 0 | E15: 0
A16: 200001 | B16: 经典服饰 | C16: 1000 | D16: 1 | E16: 1
A17: 200002 | B17: 街头潮牌 | C17: 2000 | D17: 1 | E17: 1
A18: 200003 | B18: 夏日派对 | C18: 6000 | D18: 1 | E18: 1
A19: 200004 | B19: 牛仔很忙 | C19: 4000 | D19: 1 | E19: 1
A20: 200005 | B20: 超级巨星 | C20: 4000 | D20: 1 | E20: 1
A21: 200006 | B21: 黑色礼服 | C21: 2000 | D21: 1 | E21: 1
A22: 200007 | B22: 虎啸风生 | C22: 6000 | D22: 1 | E22: 1
A23: 200008 | B23: 关羽 | C23: 10000 | D23: 1 | E23: 1
A24: 200009 | B24: 关银屏 | C24: 10000 | D24: 1 | E24: 1
A25: 200010 | B25: 瑞兔锦衣 | C25: 6000 | D25: 1 | E25: 1
A26: 200011 | B26: 纯白爱恋 | C26: 6000 | D26: 1 | E26: 1
A27: 200012 | B27: 梦幻学园 | C27: 6000 | D27: 1 | E27: 1
... A32: 200017 | B32: 蒸汽朋克 | C32: 6000 | D32: 1 | E32: 1
A33: 200018 | C33: 10000 | D33: 1 | E33: 1
A34: 200020 | B34: 齐天大圣 | C34: 10000 | D34: 1 | E34: 1
A35: 200021 | B35: 紫霞仙子 | C35: 10000 | D35: 1 | E35: 1
A36: 200022 | B36: 龙腾盛世 | C36: 12000 | D36: 1 | E36: 1
A37: 200023 | C37: 12000 | D37: 1 | E37: 1

Sheet quality_price
A1: CONFIG_NAME | B1: quality_price | C1: 配置名, 如果没有这个字段, 则这个Sheet不会导出
A2: CONFIG_DESCRIPTION | B2: 球杆品质价位配置 | C2: 可选, 配置文件描述.
A3: COLOR_COMMENT | B3: comment | C3: 注释背景颜色
A4: COLOR_COLUMN_INFO | B4: column_info
A5: RELATED_CONFIG | C5: 可选, 关联的表格
A6: TABLE_HEAD_LEN | B6: 4 | C6: 可选, 默认为3, 字段描述的长度.
A7: TABLE_PROPERTY
A8: TABLE_PROPERTY_RELATED
A11: 品质id | B11: 参考中文名 | C11: 货币类型 | D11: 直售价格 | E11: 星级 | F11: 原价
A12: id | B12: name_ch | C12: type_money | D12: price | E12: star | F12: ori_price
A13: int32 | B13: string | C13: int32 | D13: int32 | E13: int32 | F13: int32
A14: key,lua,pb,json | C14: lua,pb,json | D14: lua,pb,json | E14: lua,pb,json | F14: lua,pb,json
A15: 0 | B15: 0 | C15: 0 | D15: 0 | E15: 5 | F15: 0
A16: 4 | B16: A级品质球杆 | C16: 1 | D16: 588 | E16: 5 | F16: 888
A17: 5 | B17: S级品质球杆 | C17: 1 | D17: 1088 | E17: 5 | F17: 1988
A18: 6 | B18: SS级品质球杆 | C18: 1 | D18: 2088 | E18: 5 | F18: 6888
A19: 7 | B19: SSS级品质球杆 | C19: 1 | D19: 3888 | E19: 5 | F19: 15888

Sheet combination
A1: CONFIG_NAME | B1: combination | C1: 配置名, 如果没有这个字段, 则这个Sheet不会导出
A2: CONFIG_DESCRIPTION | B2: 合成对应配置 | C2: 可选, 配置文件描述.
A3: COLOR_COMMENT | B3: comment | C3: 注释背景颜色
A4: COLOR_COLUMN_INFO | B4: column_info
A5: RELATED_CONFIG | C5: 可选, 关联的表格
A6: TABLE_HEAD_LEN | B6: 4 | C6: 可选, 默认为3, 字段描述的长度.
A7: TABLE_PROPERTY
A8: TABLE_PROPERTY_RELATED
A11: 待合成物品序号 | B11: 参考中文名 | C11: 消耗碎片序号 | D11: 合成消耗数量 | E11: 可合成性别
A12: com_id | B12: name_ch | C12: piece_id | D12: count | E12: sex_can
A13: int32 | B13: string | C13: int32 | D13: string | E13: int32
A14: key,lua,pb,json | C14: lua,pb,json | D14: lua,pb,json | E14: lua,pb,json | L14: 原配置 | M14: 原配置 | N14: 原配置 | O14: 原配置 | P14: 原配置
B15: 0 | C15: 0 | D15: [] | E15: 0 | F15: 等级 | G15: 备注
A16: 100001 | B16: 原木球杆 | C16: 510001 | D16: [[30,0]] | E16: 0 | F16: C | I16: C | L16: 100001 | M16: 原木球杆 | N16: 510001 | O16: [[30,0]] | P16: 0
A17: 100011 | B17: 地狱火焰 | C17: 510011 | D17: [[200,0]] | E17: 0 | F17: A | I17: B | L17: 100011 | M17: 地狱火焰 | N17: 510011 | O17: [[200,0]] | P17: 0
A18: 100013 | B18: 地狱火焰 | C18: 510011 | D18: [[1000,0]] | F18: SS | G18: SS起步 | I18: A | L18: 100021 | M18: 国色天香 | N18: 510021 | O18: [[100,0]] | P18: 0
A19: 100021 | B19: 国色天香 | C19: 510021 | D19: [[500,0]] | E19: 0 | F19: S | G19: S级起步 | I19: S | L19: 100031 | M19: 白银球杆 | N19: 510031 | O19: [[30,0]] | P19: 0
A20: 100031 | B20: 白银球杆 | C20: 510031 | D20: [[30,0]] | E20: 0 | F20: C | G20: C级起步 | I20: SS | L20: 100041 | M20: 骑士长枪 | N20: 510041 | O20: [[50,0]] | P20: 0
A21: 100041 | B21: 骑士长枪 | C21: 510041 | D21: [[200,0]] | E21: 0 | F21: A | G21: A级起步 | I21: SSS | L21: 100051 | M21: 如鱼得水 | N21: 510051 | O21: [[100,0]] | P21: 0
A22: 100051 | B22: 如鱼得水 | C22: 510051 | D22: [[500,0]] | E22: 0 | F22: S | G22: A级起步 | L22: 100055 | M22: 如鱼得水 | N22: 510051 | O22: [[100,0]] | P22: 0
A23: 100055 | B23: 如鱼得水 | C23: 510051 | D23: [[100,0]] | E23: 0 | F23: A | G23: A级起步 | L23: 100061 | M23: 街头潮牌 | N23: 510061 | O23: [[50,0]] | P23: 0
A24: 100061 | B24: 街头潮牌 | C24: 510061 | D24: [[200,0]] | E24: 0 | F24: A | G24: A级起步 | L24: 100071 | M24: 紫金葫芦 | N24: 510071 | O24: [[100,0]] | P24: 0
A25: 100071 | B25: 紫金葫芦 | C25: 510071 | D25: [[500,0]] | E25: 0 | F25: S | G25: S级起步 | L25: 100081 | M25: 黑色琴键 | N25: 510081 | O25: [[100,0]] | P25: 0
A26: 100081 | B26: 黑色琴键 | C26: 510081 | D26: [[500,0]] | E26: 0 | F26: S | G26: S级起步 | L26: 100091 | M26: 电音吉他S | N26: 510091 | O26: [[100,0]] | P26: 0
A27: 100091 | B27: 电音吉他S | C27: 510091 | D27: [[500,0]] | E27: 0 | F27: S | G27: S级起步 | L27: 100101 | M27: 台球麦霸 | N27: 510101 | O27: [[100,0]] | P27: 0
A28: 100101 | B28: 台球麦霸 | C28: 510101 | D28: [[500,0]] | E28: 0 | F28: S | G28: S级起步 | L28: 100111 | M28: 喵星物语 | N28: 510111 | O28: [[100,0]] | P28: 0
A29: 100114 | B29: 喵星物语 | C29: 510111 | D29: [[500,0]] | E29: 0 | F29: S | G29: S级起步 | L29: 100121 | M29: 夏日海滩 | N29: 510121 | O29: [[100,0]] | P29: 0
A30: 100121 | B30: 夏日海滩 | C30: 510121 | D30: [[500,0]] | E30: 0 | F30: S | G30: S级起步 | L30: 100131 | M30: 圣诞糖果 | N30: 510131 | O30: [[100,0]] | P30: 0
A31: 100131 | B31: 圣诞糖果 | C31: 510131 | D31: [[500,0]] | E31: 0 | F31: S | G31: S级起步 | L31: 100141 | M31: 圣诞树 | N31: 510141 | O31: [[100,0]] | P31: 0
A32: 100141 | B32: 圣诞树 | C32: 510141 | D32: [[500,0]] | E32: 0 | F32: S | G32: S级起步 | L32: 100151 | M32: 黄铜球杆 | N32: 510151 | O32: [[30,0]] | P32: 0
A33: 100151 | B33: 黄铜球杆 | C33: 510151 | D33: [[30,0]] | E33: 0 | F33: C | G33: C级起步 | L33: 100161 | M33: 梅花三弄 | N33: 510161 | O33: [[50,0]] | P33: 0
... A37: 100191 | B37: 台球达人 | C37: 510191 | D37: [[80,0]] | E37: 0 | F37: B | G37: B级起步 | L37: 100201 | M37: 雄鹰权杖 | N37: 510201 | O37: [[100,0]] | P37: 0
A38: 100201 | B38: 雄鹰权杖 | C38: 510201 | D38: [[200,0]] | E38: 0 | F38: S | G38: S级起步
A39: 100221 | B39: 双龙戏珠 | C39: 510221 | D39: [[200,0]] | F39: A | G39: A级起步
A40: 100232 | B40: 流光宝石 | C40: 510231 | D40: [[500,0]] | E40: 0 | F40: S
A41: 100240 | B41: 枫叶 | C41: 510241 | D41: [[80,0]] | E41: 0 | F41: B
A42: 100241 | B42: 枫叶 | C42: 510241 | D42: [[200,0]] | E42: 0
A43: 100251 | B43: 劳动光荣 | C43: 510251 | D43: [[80,0]]
A44: 100261 | B44: 楠木球杆 | C44: 510261 | D44: [[30,0]] | E44: 0 | F44: c | G44: C级起步
A45: 100271 | B45: 智慧权杖 | C45: 510271 | D45: [[30,0]] | E45: 0 | F45: C | G45: C级起步
A46: 100281 | B46: 权力之杖 | C46: 510281 | D46: [[30,0]] | E46: 0 | F46: C | G46: C级起步
A47: 100291 | B47: 橡木球杆 | C47: 510291 | D47: [[30,0]] | E47: 0 | F47: C | G47: C级起步
A48: 100321 | C48: 510321 | D48: [[500,0]] | E48: 0
A49: 100331 | C49: 510331 | D49: [[500,0]] | E49: 0
A50: 100341 | C50: 510341 | D50: [[500,0]] | E50: 0
A51: 100351 | C51: 510351 | D51: [[200,0]] | E51: 0
A52: 100354 | C52: 510352 | D52: [[200,0]] | E52: 0
A53: 100361 | C53: 510361 | D53: [[500,0]] | E53: 0
A54: 100371 | C54: 510371 | D54: [[500,0]] | E54: 0
A55: 100381 | C55: 510381 | D55: [[200,0]] | E55: 0
A56: 100391 | C56: 510391 | D56: [[500,0]] | E56: 0
A57: 100401 | B57: 南瓜头 | C57: 510401 | D57: [[500,0]] | E57: 0 | F57: S | G57: S级起步
A58: 100411 | B58: 甜心宝贝 | C58: 510411 | D58: [[500,0]] | E58: 0 | F58: S | G58: S级起步
A59: 100421 | B59: 乌木球杆 | C59: 510421 | D59: [[500,0]] | E59: 0 | F59: S | G59: S级起步
A60: 100431 | B60: 玉如意 | C60: 510431 | D60: [[500,0]] | E60: 0 | F60: S | G60: S级起步
A61: 100441 | B61: 枫叶团扇 | C61: 510441 | D61: [[200,0]] | E61: 0 | F61: S | G61: S级起步
A62: 100451 | B62: 白色死神 | C62: 510451 | D62: [[200,0]] | E62: 0 | F62: S | G62: S级起步
A63: 100461 | B63: 虎头虎脑 | C63: 510461 | D63: [[200,0]] | E63: 0 | F63: S | G63: S级起步
A64: 100711 | B64: 碧绿翡翠 | C64: 511051 | D64: [[200,0]] | E64: 0 | F64: A | G64: A级起步
A65: 100814 | B65: 绿茵驰骋 | C65: 510811 | D65: [[200,0]] | E65: 0 | F65: A | G65: A级起步 | L65: 200001 | M65: 经典衬衫 | N65: 520001 | O65: [[50,0]] | P65: 0
A66: 100831 | B66: 鸿运萝卜 | C66: 510831 | D66: [[200,0]] | E66: 0 | F66: A | G66: A级起步 | L66: 200002 | M66: 街头潮牌 | N66: 520002 | O66: [[50,0]] | P66: 0
A67: 100841 | B67: 上上签 | C67: 510841 | D67: [[200,0]] | E67: 0 | F67: A | G67: A级起步
A68: 100843 | B68: 上上签 | C68: 510841 | D68: [[1000,0]] | E68: 0 | F68: SS | G68: SS起步 | L68: 200003 | M68: 夏日派对 | N68: 520003 | O68: [[100,0]] | P68: 0
A69: 100853 | B69: 吉运锦鲤 | C69: 510851 | D69: [[1000,0]] | E69: 0 | F69: SS | G69: SS起步
A70: 100861 | B70: 黄金闪耀 | C70: 510861 | D70: [[80,0]] | E70: 0 | F70: B | G70: B级起步
A71: 100872 | B71: 真爱花束 | C71: 510871 | D71: [[500,0]] | E71: 0 | F71: S | G71: S级起步
A72: 100881 | B72: 至尊皇权 | C72: 510881 | D72: [[200,0]] | E72: 0 | F72: A | G72: A级起步
A73: 100894 | B73: 梦幻学园 | C73: 510891 | D73: [[3000,0]] | E73: 0 | F73: SSS | G73: SSS级起步
A74: 100912 | B74: 弧电枪 | C74: 510911 | D74: [[500,0]] | E74: 0 | F74: S | G74: S级起步
A75: 100922 | B75: 核心驱动 | C75: 510921 | D75: [[500,0]] | E75: 0 | F75: S | G75: S级起步
A76: 100932 | B76: 愿者上钩 | C76: 510931 | D76: [[500,0]] | E76: 0 | F76: S | G76: S级起步
A77: 100933 | B77: 愿者上钩 | C77: 510931 | D77: [[1000,0]] | E77: 0
A78: 100942 | B78: 桃之夭夭 | C78: 510941 | D78: [[500,0]] | E78: 0 | F78: S | G78: S级起步
A79: 100952 | B79: 神圣羽杖 | C79: 510951 | D79: [[500,0]] | E79: 0 | F79: S | G79: S级起步
A80: 100962 | B80: 蓝梦月泪 | C80: 510961 | D80: [[500,0]] | E80: 0 | F80: S | G80: S级起步
A81: 100972 | B81: 祥瑞之星 | C81: 510971 | D81: [[500,0]] | E81: 0 | F81: S | G81: S级起步
A82: 100982 | B82: 樱韵霜芒 | C82: 510981 | D82: [[500,0]] | E82: 0 | F82: S | G82: S级起步
A83: 100992 | B83: 翠竹清韵 | C83: 510991 | D83: [[500,0]] | E83: 0 | F83: S | G83: S级起步
A84: 101002 | B84: 墨韵留香 | C84: 511001 | D84: [[500,0]] | E84: 0 | F84: S | G84: S级起步
A85: 101012 | B85: 海洋之心 | C85: 511011 | D85: [[500,0]] | E85: 0 | F85: S | G85: S级起步
A86: 101022 | B86: 笔落春秋 | C86: 511021 | D86: [[500,0]] | E86: 0 | F86: S | G86: S级起步
A87: 101032 | B87: 冰源风暴 | C87: 511031 | D87: [[500,0]] | E87: 0 | F87: S | G87: S级起步
A88: 101042 | B88: 凤羽流霞 | C88: 511041 | D88: [[500,0]] | E88: 0 | F88: S | G88: S级起步
A89: 101052 | B89: 守护之刃 | C89: 511052 | D89: [[500,0]] | E89: 0 | F89: S | G89: S级起步
... A97: 101132 | B97: 蒸汽核心 | C97: 511131 | D97: [[500,0]] | E97: 0 | F97: S | G97: S级起步
A98: 101143 | B98: 箬竹翠韵 | C98: 511151 | D98: [[1000,0]] | E98: 0 | F98: SS | L98: 200004 | M98: 牛仔很忙 | N98: 520004 | O98: [[100,0]] | P98: 0
A99: 101314 | B99: 如意金箍棒 | C99: 511311 | D99: [[200,0]] | E99: 0 | F99: Z
A100: 101343 | B100: 茱影浮翠 | C100: 511341 | D100: [[1000,0]] | E100: 0 | F100: SS
A101: 101352 | B101: 敦煌琴音 | C101: 511351 | D101: [[500,0]] | E101: 0 | F101: S | G101: S级起步
A102: 101362 | B102: 箜篌踏歌 | C102: 511361 | D102: [[500,0]] | E102: 0 | F102: S | G102: S级起步
A103: 101372 | B103: 幻影萧萧 | C103: 511371 | D103: [[500,0]] | E103: 0 | F103: S | G103: S级起步
A104: 101382 | B104: 孔翠鸣筝 | C104: 511381 | D104: [[500,0]] | E104: 0 | F104: S | G104: S级起步
A105: 101392 | B105: 梦幻琴海 | C105: 511391 | D105: [[500,0]] | E105: 0 | F105: S | G105: S级起步
A106: 101402 | B106: 山雨箭来 | C106: 511401 | D106: [[500,0]] | E106: 0 | F106: S | G106: S级起步
A107: 101412 | B107: 剑影飒沓 | C107: 511411 | D107: [[500,0]] | E107: 0 | F107: S | G107: S级起步
A108: 101422 | B108: 花飞鹤舞 | C108: 511421 | D108: [[500,0]] | E108: 0 | F108: S | G108: S级起步
A109: 101434 | B109: 紫青宝剑 | C109: 511431 | D109: [[200,0]] | E109: 0 | F109: Z
A110: 101444 | B110: 黑龙魔镰 | C110: 511441 | D110: [[200,0]] | E110: 0 | F110: Z
A111: 101453 | B111: 元旦球杆 | C111: 511451 | D111: [[1000,0]] | E111: 0 | F111: SS
A112: 101463 | B112: 春节球杆 | C112: 511461 | D112: [[1000,0]] | E112: 0 | F112: SS
...

Sheet cue_table
A1: CONFIG_NAME | B1: cue_table | C1: 配置名, 如果没有这个字段, 则这个Sheet不会导出
A2: CONFIG_DESCRIPTION | B2: 球桌补偿配置 | C2: 可选, 配置文件描述.
A3: COLOR_COMMENT | B3: comment | C3: 注释背景颜色
A4: COLOR_COLUMN_INFO | B4: column_info
A5: RELATED_CONFIG | C5: 可选, 关联的表格
A6: TABLE_HEAD_LEN | B6: 4 | C6: 可选, 默认为3, 字段描述的长度.
A7: TABLE_PROPERTY
A8: TABLE_PROPERTY_RELATED
A11: 序号 | B11: 参考中文名 | C11: 魅力评分 | D11: 球桌详情图 | E11: 补偿物品ID | F11: 补偿数量
A12: id | B12: name_ch | C12: charm_value | D12: table_picture | E12: compensation | F12: count_comp
A13: int32 | B13: string | C13: int32 | D13: string | E13: int32 | F13: int32
A14: key,lua,pb,json | C14: lua,pb,json | D14: lua,pb,json | E14: lua,pb,json | F14: lua,pb,json
B15: 0 | C15: 0 | D15: picture_1 | E15: 0 | F15: 0
A16: 300001 | B16: =VLOOKUP(A16,item!A:C,3,FALSE) -> 靛蓝球桌 | C16: 1000 | D16: picture_300001 | E16: 1 | F16: 1
A17: 300002 | B17: =VLOOKUP(A17,item!A:C,3,FALSE) -> 黛绿球桌 | C17: 1000 | D17: picture_300002 | E17: 1 | F17: 1
A18: 300003 | B18: =VLOOKUP(A18,item!A:C,3,FALSE) -> 暗红球桌 | C18: 1200 | D18: picture_300003 | E18: 1 | F18: 1
A19: 300004 | B19: 暖橘球桌 | C19: 1200 | D19: picture_300004 | E19: 1 | F19: 1
A20: 300005 | B20: 炫紫球桌 | C20: 1200 | D20: picture_300005 | E20: 1 | F20: 1
A21: 300006 | B21: 西瓜球桌 | C21: 3000 | D21: picture_300006 | E21: 1 | F21: 2
A22: 300007 | B22: 黑金科技 | C22: 5000 | D22: picture_300007 | E22: 1 | F22: 10
A23: 300008 | B23: 水晶之恋 | C23: 3000 | D23: picture_300008 | E23: 1 | F23: 2
A24: 300009 | B24: 动力驱动 | C24: 5000 | D24: picture_300009 | E24: 1 | F24: 10
A25: 300010 | B25: 繁星点点 | C25: 5000 | D25: picture_300010 | E25: 1 | F25: 10
A26: 300011 | B26: 机械齿轮 | C26: 5000 | D26: picture_300011 | E26: 1 | F26: 10
A27: 300012 | B27: 喵星物语 | C27: 5000 | D27: picture_300012 | E27: 1 | F27: 10
A28: 300013 | B28: 玛雅文明 | C28: 5000 | D28: picture_300013 | E28: 1 | F28: 10
A29: 300014 | B29: 国色天香 | C29: 5000 | D29: picture_300014 | E29: 1 | F29: 10
A30: 300015 | B30: 棒棒糖 | C30: 5000 | D30: picture_300015 | E30: 1 | F30: 10
... A32: 300017 | B32: 骑士之誓 | C32: 5000 | D32: picture_300017 | E32: 1 | F32: 10
A33: 300018 | C33: 5000 | D33: picture_300018 | E33: 1 | F33: 10
A34: 300019 | B34: 虎虎生威 | C34: 5000 | D34: picture_300019 | E34: 1 | F34: 10
A35: 300020 | B35: 战场球桌 | C35: 10000 | D35: picture_300020
A36: 300021 | B36: 绿茵足场 | C36: 8000 | D36: picture_300021 | E36: 1 | F36: 10
A37: 300022 | B37: 圣诞球桌 | C37: 8000 | D37: picture_300022 | E37: 1 | F37: 10
A38: 300023 | B38: 新春球桌 | C38: 8000 | D38: picture_300023
A39: 300024 | B39: 真爱至上 | C39: 8000 | D39: picture_300024
A40: 300025 | B40: 校园生活 | C40: 8000 | D40: picture_300025
A41: 300026 | B41: 劳动先锋 | C41: 8000 | D41: picture_300026 | E41: 1 | F41: 10
A42: 300027 | B42: 机械动力 | C42: 8000 | D42: picture_300027 | E42: 1 | F42: 10
A43: 300028 | B43: 端午球桌 | C43: 8000 | D43: picture_300028 | E43: 1 | F43: 10

Sheet head
A1: CONFIG_NAME | B1: head | C1: 配置名, 如果没有这个字段, 则这个Sheet不会导出
A2: CONFIG_DESCRIPTION | B2: 头像、头像框配置表 | C2: 可选, 配置文件描述.
A3: COLOR_COMMENT | B3: comment | C3: 注释背景颜色
A4: COLOR_COLUMN_INFO | B4: column_info
A5: RELATED_CONFIG | C5: 可选, 关联的表格
A6: TABLE_HEAD_LEN | B6: 4 | C6: 可选, 默认为3, 字段描述的长度.
A7: TABLE_PROPERTY
A8: TABLE_PROPERTY_RELATED
A11: 序号 | B11: 显示分类 | C11: 显示分类 | D11: 是否初始拥有 | E11: 解锁条件id | F11: 条件解释字段 | G11: 条件语言序号 | H11: 参考中文名 | I11: 获得方式跳转 | J11: 魅力评分 | K11: 显示顺序
A12: item_id | B12: show | C12: type_show | D12: have_If | E12: condition | F12: field | G12: name | H12: name_ch | I12: link | J12: charm_value | K12: order
A13: int32 | B13: int32 | C13: int32 | D13: int32 | E13: int32 | F13: string | G13: int32 | H13: string | I13: int32 | J13: int32 | K13: int32
A14: key,lua,pb,json | B14: lua,pb,json | C14: lua,pb,json | D14: lua,pb,json | E14: lua,pb,json | F14: lua,pb,json | G14: lua,pb,json | H14: vb | I14: lua,pb,json | J14: lua,pb,json | K14: lua,pb,json
B15: 2 | C15: 0 | D15: 0 | E15: 0 | F15: 0 | G15: 0 | I15: 0 | J15: 0 | K15: 0
A16: 800000 | B16: 2 | C16: 1 | D16: 1 | E16: 0 | F16: 0 | G16: 8000003 | H16: 无解锁条件 | I16: 0 | J16: 0
A17: 800001 | B17: 2 | C17: 1 | D17: 1 | E17: 0 | F17: 0 | G17: 8000013 | H17: 无解锁条件 | I17: 0 | J17: 0
A18: 800002 | B18: 2 | C18: 1 | D18: 1 | E18: 0 | F18: 0 | G18: 8000023 | H18: 无解锁条件 | I18: 0 | J18: 0
A19: 800003 | B19: 2 | C19: 1 | D19: 1 | E19: 0 | F19: 0 | G19: 8000033 | H19: 无解锁条件 | I19: 0 | J19: 0
A20: 800004 | B20: 2 | C20: 1 | D20: 1 | E20: 0 | F20: 0 | G20: 8000043 | H20: 无解锁条件 | I20: 0 | J20: 0
A21: 800005 | B21: 2 | C21: 1 | D21: 1 | E21: 0 | F21: 0 | G21: 8000053 | H21: 无解锁条件 | I21: 0 | J21: 0
A22: 800006 | B22: 2 | C22: 1 | D22: 1 | E22: 0 | F22: 0 | G22: 8000063 | H22: 无解锁条件 | I22: 0 | J22: 0
A23: 800007 | B23: 1 | C23: 1 | D23: 1 | E23: 3 | F23: 1,200002 | G23: 8000073 | H23: 获得首充服装-街头潮牌后解锁 | I23: 12 | J23: 0
A24: 800008 | B24: 1 | C24: 1 | D24: 1 | E24: 3 | F24: 1,200002 | G24: 8000083 | H24: 获得首充服装-街头潮牌后解锁 | I24: 12 | J24: 0
A25: 800009 | B25: 2 | C25: 1 | D25: 2 | E25: 0 | F25: 0 | G25: 8000093 | H25: 无解锁条件 | I25: 0 | J25: 0
A26: 800010 | B26: 2 | C26: 1 | D26: 3 | E26: 0 | F26: 0 | G26: 8000103 | H26: 无解锁条件 | I26: 0 | J26: 0
A27: 800011 | B27: 2 | C27: 1 | D27: 4 | E27: 0 | F27: 0 | G27: 8000113 | H27: 无解锁条件 | I27: 0 | J27: 0
A28: 800013 | B28: 1 | C28: 1 | D28: 0 | E28: 8 | F28: 0 | G28: 8000133 | H28: 玲珑专属活动获得 | I28: 0 | J28: 0
A29: 800014 | B29: 1 | C29: 1 | D29: 0 | E29: 8 | F29: 0 | G29: 8000143 | H29: 玲珑专属活动获得 | I29: 0 | J29: 0
A30: 800015 | B30: 1 | C30: 1 | D30: 0 | E30: 8 | F30: 0 | G30: 8000153 | H30: 绿茵专属活动获得 | I30: 0 | J30: 0
A31: 800016 | B31: 1 | C31: 1 | D31: 0 | E31: 8 | F31: 0 | G31: 8000163 | H31: 无解锁条件 | I31: 0 | J31: 0
A32: 800017 | B32: 1 | C32: 1 | D32: 0 | E32: 8 | F32: 0 | G32: 8000173 | H32: 无解锁条件 | I32: 0 | J32: 0
A33: 800018 | B33: 1 | C33: 1 | D33: 0 | E33: 8 | F33: 0 | G33: 8000183 | H33: 无解锁条件 | I33: 0 | J33: 0
A34: 800019 | B34: 1 | C34: 1 | D34: 0 | E34: 8 | F34: 0 | G34: 8000193 | H34: 无解锁条件 | I34: 0 | J34: 0
A35: 800020 | B35: 1 | C35: 1 | D35: 0 | E35: 8 | F35: 0 | G35: 8000203 | H35: 无解锁条件 | I35: 0 | J35: 0
A36: 800021 | B36: 1 | C36: 1 | D36: 0 | E36: 8 | F36: 0 | G36: 8000213 | H36: 无解锁条件 | I36: 0 | J36: 0
... A49: 800035 | B49: 1 | C49: 1 | D49: 0 | E49: 8 | F49: 0 | G49: 8000353 | H49: 限时夺宝活动获得 | I49: 0 | J49: 0
A50: 810001 | B50: 1 | C50: 2 | D50: 1 | E50: 0 | F50: 0 | G50: 8100013 | H50: 无解锁条件 | I50: 0 | J50: 0 | K50: 1
A51: 810002 | B51: 1 | C51: 2 | D51: 1 | E51: 1 | F51: 30 | G51: 8100023 | H51: 账号等级达到<color=#FF767A>30</color>级 | I51: 2 | J51: 0 | K51: 6
A52: 810003 | B52: 1 | C52: 2 | D52: 1 | E52: 2 | F52: 1 | G52: 8100033 | H52: VIP等级达到<color=#FF767A>1</color> | I52: 16 | J52: 0 | K52: 7
A53: 810004 | B53: 1 | C53: 2 | D53: 1 | E53: 2 | F53: 2 | G53: 8100043 | H53: VIP等级达到<color=#FF767A>2</color> | I53: 16 | J53: 0 | K53: 8
A54: 810005 | B54: 1 | C54: 2 | D54: 1 | E54: 2 | F54: 3 | G54: 8100053 | H54: VIP等级达到<color=#FF767A>3</color> | I54: 16 | J54: 0 | K54: 9
A55: 810006 | B55: 1 | C55: 2 | D55: 1 | E55: 2 | F55: 4 | G55: 8100063 | H55: VIP等级达到<color=#FF767A>4</color> | I55: 16 | J55: 0 | K55: 10
A56: 810007 | B56: 1 | C56: 2 | D56: 1 | E56: 2 | F56: 5 | G56: 8100073 | H56: VIP等级达到<color=#FF767A>5</color> | I56: 16 | J56: 0 | K56: 11
A57: 810008 | B57: 1 | C57: 2 | D57: 1 | E57: 2 | F57: 6 | G57: 8100083 | H57: VIP等级达到<color=#FF767A>6</color> | I57: 16 | J57: 0 | K57: 12
A58: 810009 | B58: 1 | C58: 2 | D58: 1 | E58: 2 | F58: 7 | G58: 8100093 | H58: VIP等级达到<color=#FF767A>7</color> | I58: 16 | J58: 0 | K58: 13
A59: 810010 | B59: 1 | C59: 2 | D59: 1 | E59: 2 | F59: 8 | G59: 8100103 | H59: VIP等级达到<color=#FF767A>8</color> | I59: 16 | J59: 0 | K59: 14
A60: 810011 | B60: 1 | C60: 2 | D60: 1 | E60: 0 | F60: 0 | G60: 8100113 | H60: 无解锁条件 | I60: 0 | J60: 0 | K60: 15
A61: 810012 | B61: 1 | C61: 2 | D61: 1 | E61: 6 | F61: 20 | G61: 8100123 | H61: 成就等级达到<color=#FF767A>20</color>级 | I61: 10 | J61: 0 | K61: 16
A62: 810013 | B62: 1 | C62: 2 | D62: 1 | E62: 3 | F62: 1,100161,100162 | G62: 8100133 | H62: 拥有梅花三弄永久球杆 | I62: 22 | J62: 0 | K62: 17
A63: 810014 | B63: 1 | C63: 2 | D63: 1 | E63: 4 | F63: 5000 | G63: 8100143 | H63: 累计消耗<color=#FF767A>5000</color>钻石 | I63: 22 | J63: 0 | K63: 18
A64: 810015 | B64: 1 | C64: 2 | D64: 1 | E64: 5 | F64: 100000 | G64: 8100153 | H64: 对局累计盈利<color=#FF767A>100000</color>金币 | I64: 2 | J64: 0 | K64: 19
A65: 810016 | B65: 1 | C65: 2 | D65: 1 | E65: 8 | F65: 0 | G65: 8100163 | H65: 首充任意金额即可获得 | I65: 12 | J65: 0 | K65: 20
A66: 810017 | B66: 1 | C66: 2 | D66: 1 | E66: 7 | F66: 28 | G66: 8100173 | H66: 段位首次达到<color=#FF767A>大师3</color> | I66: 2 | J66: 0 | K66: 21
A67: 810018 | B67: 1 | C67: 2 | D67: 1 | E67: 7 | F67: 36 | G67: 8100183 | H67: 段位首次达到<color=#FF767A>王者</color> | I67: 2 | J67: 0 | K67: 22
A68: 810019 | B68: 1 | C68: 2 | D68: 0 | E68: 8 | F68: 0 | G68: 8100193 | H68: 参与活动免费获取 | I68: 0 | J68: 0 | K68: 23
A69: 810020 | B69: 1 | C69: 2 | D69: 1 | E69: 8 | F69: 0 | G69: 8100203 | H69: 俱乐部盈利榜获得第一名 | I69: 2 | J69: 0 | K69: 24
A70: 810021 | B70: 1 | C70: 2 | D70: 1 | E70: 8 | F70: 0 | G70: 8100213 | H70: 俱乐部盈利榜获得2~4名 | I70: 2 | J70: 0 | K70: 25
A71: 810022 | B71: 1 | C71: 2 | D71: 1 | E71: 8 | F71: 0 | G71: 8100223 | H71: 俱乐部盈利榜获得5~10名 | I71: 2 | J71: 0 | K71: 26
A72: 810023 | B72: 1 | C72: 2 | D72: 0 | E72: 8 | F72: 0 | G72: 8100233 | H72: 免广告7日特权头像框 | I72: 2 | J72: 0 | K72: 27
A73: 810024 | B73: 1 | C73: 2 | D73: 0 | E73: 8 | F73: 0 | G73: 8100243 | H73: S1联赛活动中俱乐部获得冠军 | I73: 0 | J73: 0 | K73: 28
A74: 810025 | B74: 1 | C74: 2 | D74: 0 | E74: 8 | F74: 0 | G74: 8100253 | H74: S2联赛活动中俱乐部获得冠军 | I74: 0 | J74: 0 | K74: 29
... A78: 810029 | B78: 1 | C78: 2 | D78: 0 | E78: 8 | F78: 0 | G78: 8100293 | H78: 王孟南专属活动中兑换 | I78: 0 | J78: 0 | K78: 33
A79: 810030 | B79: 1 | C79: 2 | D79: 1 | E79: 9 | F79: 1,388 | G79: 8100303 | H79: 388钻石直购 | I79: 0 | J79: 10000 | K79: 2
A80: 810031 | B80: 1 | C80: 2 | D80: 1 | E80: 9 | F80: 1,388 | G80: 8100313 | H80: 通行证活动中获取 | I80: 0 | J80: 10000 | K80: 3
A81: 810032 | B81: 1 | C81: 2 | D81: 1 | E81: 8 | F81: 0 | G81: 8100323 | H81: 完成首播任务获得 | I81: 0 | J81: 0 | K81: 4
A82: 810033 | B82: 1 | C82: 2 | D82: 1 | E82: 8 | F82: 0 | G82: 8100333 | H82: 完成每周直播对局任务获得 | I82: 0 | J82: 0 | K82: 5
A83: 810034 | B83: 1 | C83: 2 | D83: 1 | E83: 8 | F83: 0 | G83: 8100334 | H83: 段位达到球圣时，获得此头像框 | I83: 0 | J83: 0 | K83: 5
A84: 810035 | B84: 1 | C84: 2 | D84: 1 | E84: 8 | F84: 0 | G84: 8100335 | H84: 段位达到球仙时，获得此头像框 | I84: 0 | J84: 0 | K84: 5
A85: 810036 | B85: 1 | C85: 2 | D85: 1 | E85: 8 | F85: 0 | G85: 8100336 | H85: 段位达到球神时，获得此头像框 | I85: 0 | J85: 0 | K85: 5
A86: 810037 | B86: 1 | C86: 2 | D86: 1 | E86: 8 | F86: 0 | G86: 8100371 | H86: 琥珀荣誉头像框 | I86: 0 | J86: 10000 | K86: 6
A87: 810038 | B87: 1 | C87: 2 | D87: 1 | E87: 8 | F87: 0 | G87: 8100381 | H87: 璀璨荣誉头像框 | I87: 0 | J87: 10000 | K87: 7
A88: 810039 | B88: 1 | C88: 2 | D88: 1 | E88: 8 | F88: 0 | G88: 8100391 | H88: 梦境花园头像框 | I88: 0 | J88: 10000 | K88: 8
A89: 810040 | B89: 1 | C89: 2 | D89: 1 | E89: 8 | F89: 0 | G89: 8100401 | H89: 海滩假日头像框 | I89: 0 | J89: 10000 | K89: 9
A90: 810041 | B90: 1 | C90: 2 | D90: 1 | E90: 8 | F90: 0 | G90: 8100411 | H90: 熊熊头像框 | I90: 0 | J90: 10000 | K90: 10
A91: 810042 | B91: 1 | C91: 2 | D91: 1 | E91: 8 | F91: 0 | G91: 8100421 | H91: 绿茵头像框 | I91: 0 | J91: 10000 | K91: 11
A92: 810043 | B92: 1 | C92: 2 | D92: 1 | E92: 8 | F92: 0 | G92: 8100431 | H92: 青玉头像框 | I92: 0 | J92: 10000 | K92: 12
A93: 810044 | B93: 1 | C93: 2 | D93: 1 | E93: 8 | F93: 0 | G93: 8100441 | H93: 梦幻乐园头像框 | I93: 0 | J93: 10000 | K93: 13
A94: 810045 | B94: 1 | C94: 2 | D94: 1 | E94: 8 | F94: 0 | G94: 8100451 | H94: 雨过天晴头像框 | I94: 0 | J94: 10000 | K94: 14
A95: 810046 | B95: 1 | C95: 2 | D95: 1 | E95: 8 | F95: 0 | G95: 8100461 | H95: 冰天雪地头像框 | I95: 0 | J95: 10000 | K95: 15
A96: 810047 | B96: 1 | C96: 2 | D96: 1 | E96: 8 | F96: 0 | G96: 8100471 | H96: 灯夜头像框 | I96: 0 | J96: 10000 | K96: 16
A97: 810048 | B97: 1 | C97: 2 | D97: 1 | E97: 8 | F97: 0 | G97: 8100481 | H97: 铃儿叮当头像框 | I97: 0 | J97: 10000 | K97: 17
... A109: 810062 | B109: 1 | C109: 2 | D109: 0 | E109: 8 | F109: 0 | G109: 8100621 | H109: 菊香酒韵头像框 | I109: 0 | J109: 10000 | K109: 28
A110: 810063 | B110: 1 | C110: 2 | D110: 1 | E110: 9 | F110: 1,388 | G110: 8100631 | H110: 海洋之心头像框 | I110: 0 | J110: 10000 | K110: 29
A111: 810064 | B111: 1 | C111: 2 | D111: 1 | E111: 9 | F111: 1,388 | G111: 8100641 | H111: 弧电枪头像框 | I111: 0 | J111: 10000 | K111: 30
A112: 810065 | B112: 1 | C112: 2 | D112: 1 | E112: 9 | F112: 1,388 | G112: 8100651 | H112: 冰源风暴头像框 | I112: 0 | J112: 10000 | K112: 31
A113: 810069 | B113: 1 | C113: 2 | D113: 1 | E113: 9 | F113: 1,388 | G113: 8100691 | H113: 金色权杖头像框 | I113: 0 | J113: 10000 | K113: 33
A114: 810070 | B114: 1 | C114: 2 | D114: 1 | E114: 9 | F114: 1,388 | G114: 8100701 | H114: 金色权杖头像框 | I114: 0 | J114: 10000 | K114: 34
A115: 810071 | B115: 1 | C115: 2 | D115: 1 | E115: 9 | F115: 1,388 | G115: 8100711 | H115: 金色权杖头像框 | I115: 0 | J115: 10000 | K115: 35
A116: 810072 | B116: 1 | C116: 2 | D116: 1 | E116: 9 | F116: 1,388 | G116: 8100721 | H116: 金色权杖头像框 | I116: 0 | J116: 10000 | K116: 36
A117: 810073 | B117: 1 | C117: 2 | D117: 1 | E117: 8 | F117: 0 | G117: 8100731 | I117: 0 | J117: 10000 | K117: 37
A118: 810074 | B118: 1 | C118: 2 | D118: 0 | E118: 8 | F118: 0 | G118: 8100743 | H118: 限时活动获得 | I118: 0 | J118: 5000 | K118: 38
A119: 820001 | B119: 2 | C119: 1 | D119: 1 | E119: 8 | F119: 0 | G119: 8200013 | H119: 闯关中赢下<color=#FF767A>潘小婷</color>获得 | I119: 6 | J119: 0
A120: 820002 | B120: 2 | C120: 1 | D120: 1 | E120: 8 | F120: 0 | G120: 8200023 | H120: 闯关中赢下<color=#FF767A>丁小辉</color>获得 | I120: 6 | J120: 0
A121: 820003 | B121: 2 | C121: 1 | D121: 1 | E121: 8 | F121: 0 | G121: 8200033 | H121: 闯关中赢下<color=#FF767A>史蒂芬</color>获得 | I121: 6 | J121: 0
A122: 820004 | B122: 2 | C122: 1 | D122: 1 | E122: 8 | F122: 0 | G122: 8200043 | H122: 闯关中赢下<color=#FF767A>马克</color>获得 | I122: 6 | J122: 0
A123: 820005 | B123: 2 | C123: 1 | D123: 1 | E123: 8 | F123: 0 | G123: 8200053 | H123: 闯关中赢下<color=#FF767A>大卫</color>获得 | I123: 6 | J123: 0
A124: 820006 | B124: 2 | C124: 1 | D124: 1 | E124: 8 | F124: 0 | G124: 8200063 | H124: 闯关中赢下<color=#FF767A>颜小韬</color>获得 | I124: 6 | J124: 0
A125: 820007 | B125: 2 | C125: 1 | D125: 1 | E125: 8 | F125: 0 | G125: 8200073 | H125: 闯关中赢下<color=#FF767A>傅小俊</color>获得 | I125: 6 | J125: 0
A126: 820008 | B126: 2 | C126: 1 | D126: 1 | E126: 8 | F126: 0 | G126: 8200083 | H126: 闯关中赢下<color=#FF767A>梁小博</color>获得 | I126: 6 | J126: 0
A127: 820009 | B127: 2 | C127: 1 | D127: 1 | E127: 8 | F127: 0 | G127: 8200093 | H127: 闯关中赢下<color=#FF767A>史蒂夫</color>获得 | I127: 6 | J127: 0
A128: 820010 | B128: 2 | C128: 1 | D128: 1 | E128: 8 | F128: 0 | G128: 8200103 | H128: 闯关中赢下<color=#FF767A>车小兰</color>获得 | I128: 6 | J128: 0
...

Sheet direct_purchase
A1: CONFIG_NAME | B1: direct_purchase | C1: 配置名, 如果没有这个字段, 则这个Sheet不会导出
A2: CONFIG_DESCRIPTION | B2: 道具直购参考价格表 | C2: 可选, 配置文件描述.
A3: COLOR_COMMENT | B3: comment | C3: 注释背景颜色
A4: COLOR_COLUMN_INFO | B4: column_info
A5: RELATED_CONFIG | C5: 可选, 关联的表格
A6: TABLE_HEAD_LEN | B6: 4 | C6: 可选, 默认为3, 字段描述的长度.
A7: TABLE_PROPERTY
A8: TABLE_PROPERTY_RELATED
A11: 物品 | B11: 参考中文名 | C11: 价格
A12: id | B12: name_ch | C12: price
A13: int32 | B13: string | C13: int32
A14: key,lua,pb,json | B14: vb | C14: lua,pb,json
A15: 0 | B15: 0 | C15: 0
A16: 600001 | B16: 升星木 | C16: 5
A17: 13 | B17: 强化币 | C17: 1
A18: 600003 | B18: C级升阶木 | C18: 1
A19: 600004 | B19: B级升阶木 | C19: 2
A20: 600005 | B20: A级升阶木 | C20: 10
A21: 600006 | B21: S级升阶木 | C21: 20
A22: 600007 | B22: SS级升阶木 | C22: 40

Sheet cue_effect
A1: CONFIG_NAME | B1: cue_effect | C1: 配置名, 如果没有这个字段, 则这个Sheet不会导出
A2: CONFIG_DESCRIPTION | B2: Z杆特效表 | C2: 可选, 配置文件描述.
A3: COLOR_COMMENT | B3: comment | C3: 注释背景颜色
A4: COLOR_COLUMN_INFO | B4: column_info
A5: RELATED_CONFIG | C5: 可选, 关联的表格
A6: TABLE_HEAD_LEN | B6: 4 | C6: 可选, 默认为3, 字段描述的长度.
A7: TABLE_PROPERTY
A8: TABLE_PROPERTY_RELATED
A11: 球杆id | B11: 备注 | C11: 特效 | D11: 显示区域宽高 | E11: 显示区域锚点 | F11: 显示区域坐标
A12: id | C12: effect | D12: size | E12: pivot | F12: pos
A13: int32 | C13: string | D13: string | E13: string | F13: string
A14: key,lua,pb,json | C14: lua,pb,json | D14: lua,pb,json | E14: lua,pb,json | F14: lua,pb,json
C15: 0 | D15: 0 | E15: 0 | F15: 0
A16: 100334 | C16: 1,2,3 | D16: 128,450 | E16: 64,450 | F16: 64,450
A17: 100354 | C17: 4,5,6 | D17: 300,128 | E17: 300,64 | F17: 300,64
A18: 101314 | C18: 7,8,9 | D18: 150,380 | E18: 75,380 | F18: 75,450
A19: 101434 | C19: 10,11,12 | D19: 300,128 | E19: 300,64 | F19: 300,64
A20: 140334 | C20: 1,2,3 | D20: 128,450 | E20: 64,450 | F20: 64,450
A21: 140354 | C21: 4,5,6 | D21: 300,128 | E21: 300,64 | F21: 300,64
A22: 141314 | C22: 7,8,9 | D22: 150,380 | E22: 75,380 | F22: 75,450
A23: 101444 | C23: 13,14,15 | D23: 150,320 | E23: 75,320 | F23: 361,404
A24: 101484 | C24: 16,17,18,19 | D24: 512,256 | E24: 512,128 | F24: 364,404

Sheet effect
A1: CONFIG_NAME | B1: effect | C1: 配置名, 如果没有这个字段, 则这个Sheet不会导出
A2: CONFIG_DESCRIPTION | B2: 球杆特效资源表 | C2: 可选, 配置文件描述.
A3: COLOR_COMMENT | B3: comment | C3: 注释背景颜色
A4: COLOR_COLUMN_INFO | B4: column_info
A5: RELATED_CONFIG | C5: 可选, 关联的表格
A6: TABLE_HEAD_LEN | B6: 4 | C6: 可选, 默认为3, 字段描述的长度.
A7: TABLE_PROPERTY
A8: TABLE_PROPERTY_RELATED
A11: 特效id | B11: 备注 | C11: 特效名称 | D11: 特效宽高 | E11: 特效锚点 | F11: 特效坐标 | G11: 特效缩放 | H11: 特效旋转角度
A12: id | C12: name | D12: size | E12: pivot | F12: pos | G12: scale | H12: rotation
A13: int32 | C13: string | D13: string | E13: string | F13: string | G13: string | H13: int32
A14: key,lua,pb,json | C14: lua,pb,json | D14: lua,pb,json | E14: lua,pb,json | F14: lua,pb,json | G14: lua,pb,json | H14: lua,pb,json
C15: 0 | D15: 0 | E15: 0 | F15: 0 | G15: 0 | H15: 0
A16: 1 | C16: 100333_Batting_cue_fx | D16: 128,450 | E16: 64,450 | F16: 64,450 | G16: 1,1
A17: 2 | C17: 100333_Batting_fx | D17: 280,280 | E17: 140,140 | F17: 280,280 | G17: 2,2
A18: 3 | C18: 100333_Batting_Hit_fx | D18: 278,278 | E18: 139,139 | F18: 450,450 | G18: 2,2
A19: 4 | C19: 100353_Batting_cue_fx | D19: 150,380 | E19: 75,0 | F19: 300,64 | G19: 1,1 | H19: 120
A20: 5 | C20: 100353_Batting_cue_fx | D20: 150,380 | E20: 75,0 | F20: 300,64 | G20: 1,1 | H20: 60
A21: 6 | C21: 100353_Batting_Hit_fx | D21: 400,300 | E21: 139,139 | F21: 300,64 | G21: 2,2
A22: 7 | C22: 101314_Batting_fx | D22: 150,380 | E22: 75,380 | F22: 75,380 | G22: 1,1
A23: 8 | C23: 101314_Batting_fx02 | D23: 420,420 | E23: 210,210 | F23: 210,210 | G23: 1,1
A24: 9 | C24: 101314_Batting_Hit_fx | D24: 400,400 | E24: 200,200 | F24: 380,380 | G24: 1,1
A25: 10 | C25: 101434_Batting_jian_fx | D25: 128,400 | E25: 64,400 | F25: 300,64 | G25: 1,1 | H25: -60
A26: 11 | C26: 101434_Batting_jian_fx02 | D26: 200,450 | E26: 100,450 | F26: 300,64 | G26: 1,1 | H26: -60
A27: 12 | C27: 101434_Batting_Hit_fx | D27: 450,450 | E27: 225,225 | F27: 300,64 | G27: 1,1
A28: 13 | C28: 101444_Batting_loop | D28: 150,320 | E28: 75,320 | F28: 75,320 | G28: 1,1
A29: 14 | C29: 101444_Batting_dao | D29: 256,256 | E29: 0,0 | F29: -40,0 | G29: 2,2
A30: 15 | C30: 101444_Batting_Hit | D30: 420,510 | E30: 210,255 | F30: 380,320 | G30: 1,1
A31: 16 | C31: 101484_Batting_fx | D31: 512,256 | E31: 512,128 | F31: 512,128 | G31: 1,1
A32: 17 | C32: 101484_Batting_ball_fx | D32: 100,100 | E32: 50,50 | F32: 512,128 | G32: 1,1
A33: 18 | C33: 101484_Batting_fx_ack | D33: 489,142 | E33: 489,71 | F33: 512,128 | G33: 1,1
A34: 19 | C34: 101484_Batting_Hit_fx | D34: 300,300 | E34: 150,150 | F34: 512,128 | G34: 1,1
